time,gyrx,gyry,gyrz,rol,pit,yaw,accx,accy,accz,vCmds
0.000,-178.911,369.875,0.000,0.000,17.000,
0.000,-145.067,344.750,-0.290,0.690,18.000,
0.002,-106.297,318.711,-0.503,1.327,20.000,
0.003,-63.351,292.130,-0.629,1.911,24.000,
0.005,-17.546,264.652,-0.665,2.440,17.000,
0.007,29.273,235.375,-0.606,2.911,18.000,
0.009,74.945,203.014,-0.456,3.317,20.000,
0.011,117.346,166.022,-0.221,3.649,24.000,
0.013,154.755,122.796,0.088,3.895,17.000,
0.015,186.099,72.002,0.460,4.039,18.000,
0.017,210.995,12.988,0.882,4.065,20.000,
0.019,229.593,-53.953,1.341,3.957,24.000,
0.021,242.354,-127.634,1.826,3.702,17.000,
0.023,249.864,-206.212,2.326,3.289,18.000,
0.025,252.728,-287.494,2.831,2.714,20.000,
0.027,251.571,-369.210,3.335,1.976,24.000,
0.029,247.048,-449.206,3.829,1.077,31.000,
0.031,239.767,-525.525,4.308,0.026,23.000,
0.033,230.163,-596.352,4.768,-1.166,23.000,
0.035,218.368,-659.904,5.205,-2.486,23.000,
0.037,204.232,-714.473,5.614,-3.915,23.000,
0.039,187.589,-758.451,5.989,-5.432,23.000,
0.041,168.545,-790.304,6.326,-7.013,23.000,
0.043,147.544,-808.714,6.621,-8.630,22.000,
0.045,125.178,-812.739,6.871,-10.255,22.000,
0.047,102.017,-801.943,7.075,-11.859,22.000,
0.049,78.539,-776.538,7.233,-13.412,22.000,
0.051,55.120,-737.438,7.343,-14.887,22.000,
0.053,32.035,-686.173,7.407,-16.260,22.000,
0.055,9.452,-624.716,7.426,-17.509,22.000,
0.057,-12.578,-555.308,7.401,-18.620,22.000,
0.059,-29.880,-494.926,7.341,-19.610,22.000,
0.061,-46.277,-433.487,7.248,-20.477,22.000,
0.063,-63.852,-365.612,7.121,-21.208,22.000,
0.065,-82.850,-291.348,6.955,-21.790,22.000,
0.067,-102.277,-214.299,6.750,-22.219,22.000,
0.069,-120.662,-139.113,6.509,-22.497,22.000,
0.071,-136.668,-69.623,6.236,-22.637,30.000,
0.073,-149.424,-8.063,5.937,-22.653,30.000,
0.075,-158.561,44.844,5.620,-22.563,28.000,
0.077,-164.094,89.366,5.291,-22.384,28.000,
0.079,-166.255,126.222,4.959,-22.132,28.000,
0.081,-165.362,156.227,4.628,-21.819,28.000,
0.083,-161.758,180.150,4.305,-21.459,28.000,
0.085,-155.782,198.707,3.993,-21.062,28.000,
0.087,-147.777,212.599,3.698,-20.636,24.000,
0.089,-138.118,222.525,3.421,-20.191,28.000,
0.091,-127.241,229.175,3.167,-19.733,24.000,
0.093,-115.654,233.181,2.936,-19.267,24.000,
0.095,-103.919,235.071,2.728,-18.796,24.000,
0.097,-92.604,235.219,2.543,-18.326,25.000,
0.100,-82.234,233.836,2.378,-17.858,16.000,
0.101,-73.249,230.984,2.232,-17.396,24.000,
0.103,-65.961,226.623,2.100,-16.943,25.000,
0.105,-60.544,220.663,1.979,-16.502,16.000,
0.107,-57.038,213.032,1.864,-16.076,24.000,
0.109,-55.381,203.674,1.754,-15.668,17.000,
0.111,-55.435,192.563,1.643,-15.283,24.000,
0.113,-57.010,179.731,1.529,-14.924,16.000,
0.115,-59.879,165.276,1.409,-14.593,24.000,
0.117,-63.803,149.373,1.281,-14.295,16.000,
0.119,-68.537,132.281,1.144,-14.030,24.000,
0.121,-73.839,114.345,0.997,-13.801,28.000,
0.123,-79.466,95.971,0.838,-13.609,24.000,
0.125,-85.163,77.585,0.667,-13.454,28.000,
0.127,-90.676,59.574,0.486,-13.335,28.000,
0.129,-95.743,42.260,0.295,-13.251,28.000,
0.131,-100.124,25.882,0.094,-13.199,28.000,
0.133,-103.627,10.592,-0.113,-13.178,28.000,
0.135,-106.136,-3.534,-0.325,-13.185,28.000,
0.137,-107.604,-16.483,-0.540,-13.218,28.000,
0.139,-108.049,-28.286,-0.756,-13.274,28.000,
0.141,-107.535,-38.991,-0.972,-13.352,28.000,
0.143,-106.161,-48.647,-1.184,-13.449,28.000,
0.145,-104.030,-57.291,-1.392,-13.564,28.000,
0.147,-101.241,-64.954,-1.594,-13.694,28.000,
0.149,-97.877,-71.665,-1.790,-13.837,28.000,
0.151,-94.004,-77.444,-1.978,-13.992,28.000,
0.153,-89.658,-82.299,-2.157,-14.157,28.000,
0.155,-84.841,-86.229,-2.327,-14.329,28.000,
0.157,-79.525,-89.214,-2.486,-14.508,28.000,
0.159,-73.672,-91.207,-2.634,-14.690,28.000,
0.161,-67.258,-92.134,-2.768,-14.874,28.000,
0.163,-60.295,-91.909,-2.889,-15.058,28.000,
0.165,-54.331,-90.874,-2.997,-15.240,28.000,
0.167,-48.192,-88.843,-3.094,-15.418,28.000,
0.169,-41.209,-85.612,-3.176,-15.589,28.000,
0.171,-33.269,-81.069,-3.243,-15.751,28.000,
0.173,-24.618,-75.219,-3.292,-15.901,28.000,
0.175,-15.627,-68.170,-3.323,-16.038,28.000,
0.177,-6.621,-60.110,-3.336,-16.158,20.000,
0.179,2.197,-51.285,-3.332,-16.261,28.000,
0.181,10.744,-41.973,-3.311,-16.344,20.000,
0.183,19.002,-32.459,-3.273,-16.409,28.000,
0.185,26.974,-23.011,-3.219,-16.455,20.000,
0.187,34.643,-13.869,-3.149,-16.483,20.000,
0.189,41.960,-5.233,-3.065,-16.494,20.000,
0.191,48.848,2.745,-2.968,-16.488,20.000,
0.193,55.227,9.970,-2.857,-16.468,22.000,
0.195,61.025,16.396,-2.735,-16.435,20.000,
0.197,66.187,22.021,-2.603,-16.391,20.000,
0.200,70.680,26.880,-2.461,-16.338,22.000,
0.201,74.485,31.026,-2.312,-16.276,20.000,
0.203,77.602,34.519,-2.157,-16.206,22.000,
0.205,80.049,37.401,-1.997,-16.132,22.000,
0.207,81.861,39.697,-1.833,-16.052,20.000,
0.209,83.081,41.409,-1.667,-15.969,22.000,
0.211,83.759,42.524,-1.500,-15.884,22.000,
0.213,83.940,43.021,-1.332,-15.798,22.000,
0.215,83.671,42.881,-1.165,-15.713,22.000,
0.217,82.985,42.091,-0.999,-15.628,22.000,
0.219,81.913,40.656,-0.835,-15.547,22.000,
0.221,80.477,38.610,-0.674,-15.470,22.000,
0.223,78.698,36.013,-0.516,-15.398,22.000,
0.225,76.592,32.936,-0.363,-15.332,22.000,
0.227,74.174,29.454,-0.215,-15.273,22.000,
0.229,71.456,25.645,-0.072,-15.222,22.000,
0.231,68.452,21.585,0.065,-15.179,22.000,
0.233,65.188,17.347,0.195,-15.144,22.000,
0.235,61.697,12.998,0.319,-15.118,22.000,
0.237,58.021,8.600,0.435,-15.101,22.000,
0.239,54.209,4.207,0.543,-15.092,20.000,
0.241,50.314,-0.133,0.644,-15.093,22.000,
0.243,46.391,-4.372,0.737,-15.101,22.000,
0.245,42.492,-8.465,0.822,-15.118,22.000,
0.247,38.661,-12.368,0.899,-15.143,6.000,
0.249,34.928,-16.032,0.969,-15.175,4.000,
0.251,31.314,-19.411,1.031,-15.214,6.000,
0.253,27.831,-22.463,1.087,-15.259,4.000,
0.255,24.485,-25.152,1.136,-15.309,6.000,
0.257,21.279,-27.459,1.179,-15.364,6.000,
0.259,18.216,-29.370,1.215,-15.423,4.000,
0.261,15.301,-30.881,1.246,-15.485,4.000,
0.263,12.540,-31.992,1.271,-15.549,6.000,
0.265,9.938,-32.712,1.291,-15.614,4.000,
0.267,7.495,-33.054,1.306,-15.680,6.000,
0.269,5.205,-33.035,1.316,-15.746,4.000,
0.271,3.058,-32.675,1.322,-15.811,4.000,
0.273,1.430,-32.154,1.325,-15.876,4.000,
0.275,-0.048,-31.416,1.325,-15.939,6.000,
0.277,-1.566,-30.413,1.322,-15.999,4.000,
0.279,-3.139,-29.133,1.315,-16.058,4.000,
0.281,-4.676,-27.605,1.306,-16.113,4.000,
0.283,-6.065,-25.879,1.294,-16.165,4.000,
0.285,-7.217,-24.004,1.280,-16.213,6.000,
0.287,-8.089,-22.018,1.263,-16.257,4.000,
0.289,-8.675,-19.948,1.246,-16.297,4.000,
0.291,-8.990,-17.805,1.228,-16.332,4.000,
0.293,-9.061,-15.588,1.210,-16.363,4.000,
0.295,-8.914,-13.285,1.192,-16.390,4.000,
0.297,-8.577,-10.882,1.175,-16.412,4.000,
0.300,-8.080,-8.367,1.159,-16.428,4.000,
0.301,-7.457,-5.731,1.144,-16.440,4.000,
0.303,-6.745,-2.967,1.130,-16.446,4.000,
0.305,-5.987,-0.082,1.118,-16.446,4.000,
0.307,-5.232,2.909,1.108,-16.440,4.000,
0.309,-4.525,5.970,1.099,-16.428,6.000,
0.311,-3.900,9.050,1.091,-16.410,4.000,
0.313,-3.380,12.090,1.084,-16.386,4.000,
0.315,-2.974,15.038,1.078,-16.356,4.000,
0.317,-2.686,17.848,1.073,-16.320,4.000,
0.319,-2.514,20.484,1.068,-16.279,4.000,
0.321,-2.458,22.920,1.063,-16.233,4.000,
0.323,-2.516,25.142,1.058,-16.183,4.000,
0.325,-2.686,27.141,1.053,-16.129,6.000,
0.327,-2.965,28.924,1.047,-16.071,4.000,
0.329,-3.347,30.503,1.040,-16.010,4.000,
0.331,-3.819,31.893,1.032,-15.946,4.000,
0.333,-4.366,33.107,1.024,-15.880,4.000,
0.335,-4.969,34.155,1.014,-15.812,4.000,
0.337,-5.610,35.042,1.002,-15.742,4.000,
0.339,-6.271,35.767,0.990,-15.670,4.000,
0.341,-6.936,36.327,0.976,-15.597,4.000,
0.343,-7.595,36.717,0.961,-15.524,6.000,
0.345,-8.241,36.939,0.944,-15.450,4.000,
0.347,-8.875,36.995,0.927,-15.376,4.000,
0.349,-9.506,36.888,0.908,-15.302,4.000,
0.351,-10.144,36.617,0.887,-15.229,4.000,
0.353,-10.802,36.182,0.866,-15.157,4.000,
0.355,-11.485,35.576,0.843,-15.086,4.000,
0.357,-12.195,34.786,0.818,-15.016,4.000,
0.359,-12.931,33.799,0.793,-14.948,4.000,
0.361,-13.685,32.606,0.765,-14.883,4.000,
0.363,-14.446,31.195,0.736,-14.821,4.000,
0.365,-15.197,29.562,0.706,-14.762,12.000,
0.367,-15.919,27.713,0.674,-14.706,4.000,
0.369,-16.591,25.671,0.641,-14.655,4.000,
0.371,-17.190,23.473,0.606,-14.608,4.000,
0.373,-17.701,21.164,0.571,-14.566,4.000,
0.375,-18.109,18.792,0.535,-14.528,4.000,
0.377,-18.401,16.407,0.498,-14.495,4.000,
0.379,-18.551,14.502,0.461,-14.466,4.000,
0.381,-18.593,12.712,0.424,-14.441,12.000,
0.383,-18.542,10.841,0.387,-14.419,4.000,
0.385,-18.394,8.874,0.350,-14.401,4.000,
0.387,-18.135,6.910,0.314,-14.388,4.000,
0.389,-17.748,5.078,0.278,-14.377,4.000,
0.391,-17.220,3.485,0.244,-14.370,12.000,
0.393,-16.542,2.189,0.211,-14.366,4.000,
0.395,-15.714,1.204,0.179,-14.364,4.000,
0.397,-14.743,0.512,0.150,-14.363,4.000,
0.400,-13.644,0.087,0.122,-14.362,4.000,
0.401,-12.174,-0.111,0.098,-14.363,12.000,
0.403,-10.831,-0.102,0.076,-14.363,4.000,
0.405,-9.537,0.081,0.057,-14.363,4.000,
0.407,-8.216,0.404,0.041,-14.362,4.000,
0.409,-6.831,0.833,0.027,-14.360,4.000,
0.411,-5.390,1.340,0.016,-14.358,4.000,
0.413,-3.927,1.897,0.009,-14.354,4.000,
0.415,-2.484,2.482,0.004,-14.349,4.000,
0.417,-1.091,3.065,0.001,-14.343,4.000,
0.419,0.237,3.618,0.002,-14.335,4.000,
0.421,1.491,4.112,0.005,-14.327,4.000,
0.423,2.664,4.525,0.010,-14.318,4.000,
0.425,3.744,4.850,0.018,-14.308,4.000,
0.427,4.720,5.092,0.027,-14.298,4.000,
0.429,5.577,5.274,0.038,-14.288,4.000,
0.431,6.308,5.428,0.051,-14.277,4.000,
0.433,6.915,5.591,0.065,-14.266,4.000,
0.435,7.405,5.799,0.080,-14.254,4.000,
0.437,7.785,6.084,0.095,-14.242,4.000,
0.439,8.059,6.470,0.111,-14.229,4.000,
0.441,8.226,6.970,0.128,-14.215,4.000,
0.443,8.288,7.586,0.144,-14.200,6.000,
0.445,8.250,8.312,0.161,-14.183,4.000,
0.447,8.114,9.130,0.177,-14.165,4.000,
0.449,7.887,10.022,0.193,-14.145,4.000,
0.451,7.575,10.970,0.208,-14.123,4.000,
0.453,7.188,11.954,0.222,-14.099,4.000,
0.455,6.733,12.956,0.236,-14.073,4.000,
0.457,6.220,13.953,0.248,-14.045,6.000,
0.459,5.654,14.922,0.260,-14.015,4.000,
0.461,5.044,15.832,0.270,-13.984,4.000,
0.463,4.398,16.656,0.278,-13.950,4.000,
0.465,3.724,17.368,0.286,-13.916,4.000,
0.467,3.024,17.946,0.292,-13.880,4.000,
0.469,2.306,18.373,0.297,-13.843,4.000,
0.471,1.577,18.638,0.300,-13.806,4.000,
0.473,0.855,18.736,0.301,-13.768,4.000,
0.475,0.157,18.675,0.302,-13.731,4.000,
0.477,-0.493,18.480,0.301,-13.694,4.000,
0.479,-1.077,18.178,0.299,-13.658,6.000,
0.481,-1.585,17.794,0.295,-13.622,4.000,
0.483,-2.021,17.345,0.291,-13.587,4.000,
0.485,-2.323,16.946,0.287,-13.554,4.000,
0.487,-2.575,16.531,0.282,-13.520,4.000,
0.489,-2.818,16.066,0.276,-13.488,4.000,
0.491,-3.056,15.550,0.270,-13.457,4.000,
0.493,-3.268,15.005,0.263,-13.427,4.000,
0.495,-3.427,14.455,0.256,-13.398,4.000,
0.497,-3.515,13.916,0.249,-13.370,4.000,
0.500,-3.521,13.392,0.242,-13.344,4.000,
0.501,-3.409,12.783,0.236,-13.318,4.000,
0.503,-3.239,12.272,0.229,-13.294,4.000,
0.505,-3.005,11.819,0.223,-13.270,4.000,
0.507,-2.709,11.388,0.218,-13.247,4.000,
0.509,-2.357,10.959,0.213,-13.225,4.000,
0.511,-1.964,10.530,0.209,-13.204,4.000,
0.513,-1.550,10.102,0.206,-13.184,4.000,
0.515,-1.127,9.676,0.204,-13.165,4.000,
0.517,-0.703,9.247,0.202,-13.146,4.000,
0.519,-0.282,8.807,0.202,-13.129,4.000,
0.521,0.132,8.343,0.202,-13.112,4.000,
0.523,0.539,7.840,0.203,-13.096,4.000,
0.525,0.933,7.285,0.205,-13.082,4.000,
0.527,1.307,6.674,0.207,-13.068,4.000,
0.529,1.653,6.009,0.211,-13.056,4.000,
0.531,1.964,5.302,0.215,-13.046,4.000,
0.533,2.238,4.568,0.219,-13.036,4.000,
0.535,2.475,3.825,0.224,-13.029,4.000,
0.537,2.681,3.091,0.229,-13.023,4.000,
0.539,2.869,2.384,0.235,-13.018,4.000,
0.541,3.050,1.716,0.241,-13.014,4.000,
0.543,3.231,1.097,0.248,-13.012,4.000,
0.545,3.411,0.536,0.255,-13.011,4.000,
0.547,3.580,0.039,0.262,-13.011,6.000,
0.549,3.724,-0.390,0.269,-13.012,4.000,
0.551,3.832,-0.751,0.277,-13.013,4.000,
0.553,3.903,-1.045,0.285,-13.015,4.000,
0.555,3.945,-1.276,0.293,-13.018,4.000,
0.557,3.964,-1.451,0.301,-13.021,4.000,
0.559,3.971,-1.580,0.308,-13.024,4.000,
0.561,3.973,-1.672,0.316,-13.027,4.000,
0.563,3.982,-1.736,0.324,-13.031,4.000,
0.565,4.005,-1.780,0.332,-13.034,4.000,
0.567,4.048,-1.812,0.340,-13.038,6.000,
0.569,4.111,-1.838,0.349,-13.042,4.000,
0.571,4.194,-1.860,0.357,-13.045,4.000,
0.573,4.294,-1.874,0.366,-13.049,4.000,
0.575,4.407,-1.874,0.374,-13.053,4.000,
0.577,4.530,-1.854,0.384,-13.057,4.000,
0.579,4.657,-1.809,0.393,-13.060,4.000,
0.581,4.786,-1.740,0.402,-13.064,4.000,
0.583,4.909,-1.650,0.412,-13.067,6.000,
0.585,5.022,-1.546,0.422,-13.070,4.000,
0.587,5.123,-1.434,0.433,-13.073,4.000,
0.589,5.214,-1.317,0.443,-13.076,4.000,
0.591,5.298,-1.194,0.454,-13.078,4.000,
0.593,5.360,-1.091,0.464,-13.080,4.000,
0.595,5.417,-0.991,0.475,-13.082,4.000,
0.597,5.478,-0.890,0.486,-13.084,4.000,
0.600,5.544,-0.803,0.497,-13.086,6.000,
0.601,5.619,-0.754,0.508,-13.087,4.000,
0.603,5.677,-0.756,0.520,-13.089,4.000,
0.605,5.713,-0.825,0.531,-13.090,4.000,
0.607,5.721,-0.972,0.543,-13.092,4.000,
0.609,5.698,-1.202,0.554,-13.095,4.000,
0.611,5.639,-1.514,0.565,-13.098,6.000,
0.613,5.540,-1.907,0.576,-13.101,4.000,
0.615,5.404,-2.374,0.587,-13.106,4.000,
0.617,5.241,-2.910,0.598,-13.112,4.000,
0.619,5.068,-3.507,0.608,-13.119,4.000,
0.621,4.903,-4.151,0.618,-13.127,4.000,
0.623,4.763,-4.830,0.627,-13.137,6.000,
0.625,4.655,-5.529,0.636,-13.148,4.000,
0.627,4.580,-6.235,0.646,-13.161,4.000,
0.629,4.533,-6.932,0.655,-13.174,4.000,
0.631,4.506,-7.607,0.664,-13.190,4.000,
0.633,4.488,-8.251,0.673,-13.206,4.000,
0.635,4.465,-8.855,0.682,-13.224,6.000,
0.637,4.423,-9.409,0.690,-13.243,4.000,
0.639,4.349,-9.903,0.699,-13.262,4.000,
0.641,4.235,-10.327,0.708,-13.283,4.000,
0.643,4.080,-10.670,0.716,-13.304,4.000,
0.645,3.886,-10.919,0.724,-13.326,4.000,
0.647,3.661,-11.069,0.731,-13.348,6.000,
0.649,3.413,-11.115,0.738,-13.371,4.000,
0.651,3.152,-11.054,0.744,-13.393,4.000,
0.653,2.891,-10.885,0.750,-13.415,4.000,
0.655,2.640,-10.611,0.755,-13.436,4.000,
0.657,2.409,-10.237,0.760,-13.456,4.000,
0.659,2.204,-9.772,0.764,-13.476,6.000,
0.661,2.029,-9.220,0.768,-13.494,4.000,
0.663,1.881,-8.585,0.772,-13.511,4.000,
0.665,1.757,-7.872,0.776,-13.527,4.000,
0.667,1.650,-7.087,0.779,-13.541,4.000,
0.669,1.558,-6.238,0.782,-13.554,4.000,
0.671,1.478,-5.333,0.785,-13.564,6.000,
0.673,1.411,-4.384,0.788,-13.573,4.000,
0.675,1.355,-3.411,0.791,-13.580,4.000,
0.677,1.311,-2.433,0.793,-13.585,4.000,
0.679,1.281,-1.475,0.796,-13.588,4.000,
0.681,1.270,-0.555,0.798,-13.589,4.000,
0.683,1.277,0.308,0.801,-13.588,4.000,
0.685,1.298,1.100,0.803,-13.586,6.000,
0.687,1.329,1.810,0.806,-13.583,4.000,
0.689,1.361,2.431,0.809,-13.578,4.000,
0.691,1.388,2.963,0.812,-13.572,4.000,
0.693,1.404,3.409,0.814,-13.565,4.000,
0.695,1.402,3.777,0.817,-13.557,4.000,
0.697,1.376,4.075,0.820,-13.549,4.000,
0.700,1.335,4.270,0.823,-13.541,6.000,
0.701,1.247,4.457,0.825,-13.532,4.000,
0.703,1.145,4.598,0.827,-13.523,4.000,
0.705,1.022,4.711,0.829,-13.513,4.000,
0.707,0.874,4.805,0.831,-13.504,4.000,
0.709,0.707,4.880,0.833,-13.494,4.000,
0.711,0.529,4.932,0.834,-13.484,4.000,
0.713,0.348,4.956,0.834,-13.474,6.000,
0.715,0.177,4.951,0.835,-13.464,4.000,
0.717,0.023,4.920,0.835,-13.454,4.000,
0.719,-0.111,4.866,0.834,-13.445,4.000,
0.721,-0.225,4.793,0.834,-13.435,4.000,
0.723,-0.321,4.711,0.833,-13.426,4.000,
0.725,-0.404,4.622,0.833,-13.416,4.000,
0.727,-0.478,4.531,0.832,-13.407,6.000,
0.729,-0.544,4.435,0.831,-13.398,4.000,
0.731,-0.606,4.335,0.829,-13.390,4.000,
0.733,-0.667,4.226,0.828,-13.381,4.000,
0.735,-0.731,4.106,0.827,-13.373,4.000,
0.737,-0.800,3.973,0.825,-13.365,4.000,
0.739,-0.873,3.826,0.823,-13.357,4.000,
0.741,-0.951,3.667,0.821,-13.350,4.000,
0.743,-1.036,3.501,0.819,-13.343,6.000,
0.745,-1.127,3.333,0.817,-13.336,4.000,
0.747,-1.224,3.167,0.815,-13.330,4.000,
0.749,-1.327,3.005,0.812,-13.324,4.000,
0.751,-1.437,2.845,0.809,-13.318,4.000,
0.753,-1.557,2.685,0.806,-13.313,4.000,
0.755,-1.687,2.529,0.802,-13.308,4.000,
0.757,-1.822,2.382,0.799,-13.303,4.000,
0.759,-1.957,2.251,0.795,-13.299,4.000,
0.761,-2.089,2.143,0.791,-13.294,6.000,
0.763,-2.216,2.064,0.786,-13.290,4.000,
0.765,-2.334,2.016,0.782,-13.286,4.000,
0.767,-2.441,2.001,0.777,-13.282,4.000,
0.769,-2.532,2.021,0.772,-13.278,4.000,
0.771,-2.602,2.074,0.767,-13.274,4.000,
0.773,-2.648,2.162,0.761,-13.270,4.000,
0.775,-2.667,2.282,0.756,-13.265,4.000,
0.777,-2.655,2.434,0.751,-13.260,4.000,
0.779,-2.611,2.621,0.745,-13.255,4.000,
0.781,-2.536,2.842,0.740,-13.249,4.000,
0.783,-2.433,3.092,0.735,-13.243,6.000,
0.785,-2.309,3.360,0.731,-13.236,4.000,
0.787,-2.165,3.632,0.726,-13.229,4.000,
0.789,-2.003,3.893,0.722,-13.221,4.000,
0.791,-1.825,4.134,0.719,-13.213,4.000,
0.793,-1.636,4.352,0.716,-13.204,4.000,
0.795,-1.448,4.546,0.713,-13.195,4.000,
0.797,-1.271,4.716,0.710,-13.186,4.000,
0.800,-1.114,4.863,0.708,-13.176,4.000,
0.801,-0.982,4.991,0.706,-13.166,4.000,
0.803,-0.874,5.103,0.704,-13.156,4.000,
0.805,-0.788,5.200,0.703,-13.146,6.000,
0.807,-0.734,5.266,0.701,-13.135,4.000,
0.809,-0.693,5.322,0.700,-13.124,4.000,
0.811,-0.653,5.382,0.698,-13.114,4.000,
0.813,-0.614,5.456,0.697,-13.103,4.000,
0.815,-0.581,5.545,0.696,-13.092,4.000,
0.817,-0.559,5.651,0.695,-13.080,4.000,
0.819,-0.548,5.774,0.694,-13.069,4.000,
0.821,-0.547,5.915,0.693,-13.057,4.000,
0.823,-0.556,6.075,0.692,-13.045,4.000,
0.825,-0.572,6.254,0.690,-13.032,6.000,
0.827,-0.594,6.449,0.689,-13.019,4.000,
0.829,-0.620,6.655,0.688,-13.006,4.000,
0.831,-0.644,6.872,0.687,-12.992,4.000,
0.833,-0.659,7.098,0.685,-12.978,4.000,
0.835,-0.660,7.329,0.684,-12.963,4.000,
0.837,-0.638,7.558,0.683,-12.948,4.000,
0.839,-0.591,7.779,0.682,-12.933,4.000,
0.841,-0.522,7.990,0.681,-12.917,4.000,
0.843,-0.436,8.193,0.680,-12.900,6.000,
0.845,-0.341,8.392,0.679,-12.884,4.000,
0.847,-0.242,8.593,0.679,-12.866,4.000,
0.849,-0.140,8.798,0.678,-12.849,4.000,
0.851,-0.033,9.006,0.678,-12.831,4.000,
0.853,0.081,9.214,0.678,-12.812,4.000,
0.855,0.203,9.412,0.679,-12.794,4.000,
0.857,0.333,9.590,0.679,-12.774,4.000,
0.859,0.464,9.735,0.680,-12.755,4.000,
0.861,0.589,9.839,0.682,-12.735,4.000,
0.863,0.695,9.893,0.683,-12.716,6.000,
0.865,0.773,9.887,0.684,-12.696,4.000,
0.867,0.813,9.811,0.686,-12.676,4.000,
0.869,0.812,9.659,0.688,-12.657,4.000,
0.871,0.768,9.430,0.689,-12.638,4.000,
0.873,0.686,9.130,0.691,-12.620,4.000,
0.875,0.577,8.773,0.692,-12.602,4.000,
0.877,0.456,8.371,0.693,-12.585,4.000,
0.879,0.334,7.943,0.693,-12.570,6.000,
0.881,0.223,7.501,0.694,-12.555,4.000,
0.883,0.123,7.057,0.694,-12.540,4.000,
0.885,0.027,6.620,0.694,-12.527,4.000,
0.887,-0.073,6.197,0.694,-12.515,4.000,
0.889,-0.183,5.791,0.694,-12.503,4.000,
0.891,-0.308,5.399,0.693,-12.492,4.000,
0.893,-0.443,5.014,0.692,-12.482,4.000,
0.895,-0.582,4.631,0.691,-12.473,4.000,
0.897,-0.712,4.244,0.690,-12.465,6.000,
0.900,-0.822,3.856,0.688,-12.457,4.000,
0.901,-0.903,3.469,0.686,-12.450,4.000,
0.903,-0.945,3.086,0.684,-12.444,4.000,
0.905,-0.938,2.703,0.682,-12.438,4.000,
0.907,-0.872,2.314,0.681,-12.434,4.000,
0.909,-0.738,1.919,0.679,-12.430,4.000,
0.911,-0.536,1.521,0.678,-12.427,4.000,
0.913,-0.327,1.206,0.677,-12.424,4.000,
0.915,-0.083,0.919,0.677,-12.423,4.000,
0.917,0.214,0.639,0.678,-12.421,6.000,
0.919,0.565,0.377,0.679,-12.421,4.000,
0.921,0.961,0.157,0.681,-12.420,4.000,
0.923,1.389,0.006,0.683,-12.420,4.000,
0.925,1.838,-0.059,0.687,-12.420,4.000,
0.927,2.306,-0.032,0.692,-12.420,4.000,
0.929,2.790,0.082,0.697,-12.420,4.000,
0.931,3.290,0.274,0.704,-12.420,4.000,
0.933,3.800,0.534,0.712,-12.419,6.000,
0.935,4.313,0.848,0.720,-12.417,4.000,
0.937,4.822,1.206,0.730,-12.415,4.000,
0.939,5.318,1.596,0.740,-12.411,4.000,
0.941,5.793,2.009,0.752,-12.407,4.000,
0.943,6.240,2.440,0.764,-12.402,6.000,
0.945,6.653,2.881,0.778,-12.397,4.000,
0.947,7.025,3.327,0.792,-12.390,4.000,
0.949,7.344,3.777,0.807,-12.382,4.000,
0.951,7.599,4.231,0.822,-12.374,4.000,
0.953,7.783,4.688,0.837,-12.365,6.000,
0.955,7.891,5.144,0.853,-12.354,4.000,
0.957,7.921,5.598,0.869,-12.343,4.000,
0.959,7.873,6.045,0.885,-12.331,4.000,
0.961,7.750,6.486,0.900,-12.318,6.000,
0.963,7.557,6.923,0.915,-12.304,4.000,
0.965,7.304,7.358,0.930,-12.290,4.000,
0.967,6.997,7.798,0.944,-12.274,4.000,
0.969,6.650,8.251,0.957,-12.257,6.000,
0.971,6.272,8.723,0.970,-12.240,4.000,
0.973,5.871,9.220,0.981,-12.222,4.000,
0.975,5.454,9.744,0.992,-12.202,4.000,
0.977,5.028,10.296,1.002,-12.181,6.000,
0.979,4.603,10.877,1.012,-12.160,4.000,
0.981,4.189,11.487,1.020,-12.137,4.000,
0.983,3.795,12.125,1.028,-12.113,4.000,
0.985,3.426,12.792,1.034,-12.087,6.000,
0.987,3.084,13.489,1.041,-12.060,4.000,
0.989,2.774,14.217,1.046,-12.032,4.000,
0.991,2.495,14.980,1.051,-12.002,4.000,
0.993,2.240,15.781,1.056,-11.970,4.000,
0.995,2.001,16.626,1.060,-11.937,6.000,
0.997,1.771,17.519,1.063,-11.902,4.000,
1.000,1.544,18.466,1.066,-11.865,4.000,
1.001,1.320,19.473,1.069,-11.826,4.000,
1.003,1.102,20.546,1.071,-11.785,4.000,
1.005,0.888,21.691,1.073,-11.741,4.000,
1.007,0.680,22.913,1.074,-11.696,6.000,
1.009,0.478,24.215,1.075,-11.647,4.000,
1.011,0.280,25.606,1.076,-11.596,4.000,
1.013,0.083,27.099,1.076,-11.542,4.000,
1.015,-0.115,28.710,1.076,-11.484,4.000,
1.017,-0.315,30.456,1.075,-11.423,6.000,
1.019,-0.509,32.354,1.074,-11.359,4.000,
1.021,-0.657,33.993,1.073,-11.291,4.000,
1.023,-0.779,35.725,1.071,-11.219,4.000,
1.025,-0.883,37.766,1.069,-11.144,4.000,
1.027,-0.964,40.176,1.067,-11.063,4.000,
1.029,-1.014,42.902,1.065,-10.978,6.000,
1.031,-1.028,45.854,1.063,-10.886,4.000,
1.033,-1.008,48.944,1.061,-10.788,4.000,
1.035,-0.968,52.103,1.059,-10.684,4.000,
1.037,-0.928,55.285,1.058,-10.573,4.000,
1.039,-0.908,58.458,1.056,-10.456,4.000,
1.041,-0.922,61.597,1.054,-10.333,4.000,
1.043,-0.981,64.674,1.052,-10.204,6.000,
1.045,-1.089,67.656,1.050,-10.068,4.000,
1.047,-1.254,70.500,1.047,-9.927,0.000,
1.049,-1.486,73.166,1.044,-9.781,4.000,
1.051,-1.792,75.622,1.041,-9.630,4.000,
1.053,-2.182,77.849,1.036,-9.474,0.000,
1.055,-2.671,79.845,1.031,-9.314,6.000,
1.057,-3.272,81.616,1.024,-9.151,0.000,
1.059,-3.988,83.160,1.016,-8.985,0.000,
1.061,-4.821,84.468,1.007,-8.816,4.000,
1.063,-5.766,85.536,0.995,-8.645,0.000,
1.065,-6.818,86.381,0.982,-8.472,0.000,
1.067,-7.975,87.033,0.966,-8.298,0.000,
1.069,-9.226,87.531,0.947,-8.123,0.000,
1.071,-10.543,87.923,0.926,-7.947,4.000,
1.073,-11.896,88.286,0.902,-7.771,0.000,
1.075,-13.255,88.681,0.876,-7.593,0.000,
1.077,-14.611,89.125,0.847,-7.415,0.000,
1.079,-15.971,89.592,0.815,-7.236,0.000,
1.081,-17.340,90.023,0.780,-7.056,8.000,
1.083,-18.718,90.338,0.743,-6.875,0.000,
1.085,-20.094,90.459,0.702,-6.694,0.000,
1.087,-21.460,90.343,0.660,-6.513,1.000,
1.089,-22.812,89.985,0.614,-6.333,0.000,
1.091,-24.148,89.413,0.566,-6.155,0.000,
1.093,-25.468,88.671,0.515,-5.977,8.000,
1.095,-26.771,87.809,0.461,-5.802,0.000,
1.097,-28.053,86.874,0.405,-5.628,1.000,
1.100,-29.303,85.900,0.346,-5.456,0.000,
1.101,-30.515,84.906,0.285,-5.286,8.000,
1.103,-31.682,83.906,0.222,-5.118,1.000,
1.105,-32.798,82.910,0.156,-4.953,8.000,
1.107,-33.857,81.924,0.089,-4.789,0.000,
1.109,-34.853,80.950,0.019,-4.627,1.000,
1.111,-35.772,79.996,-0.053,-4.467,8.000,
1.113,-36.602,79.075,-0.126,-4.309,0.000,
1.115,-37.327,78.212,-0.200,-4.152,9.000,
1.117,-37.933,77.433,-0.276,-3.997,0.000,
1.119,-38.411,76.772,-0.353,-3.844,9.000,
1.121,-38.764,76.273,-0.431,-3.691,8.000,
1.123,-39.007,75.991,-0.509,-3.539,0.000,
1.125,-39.154,75.978,-0.587,-3.387,9.000,
1.127,-39.212,76.181,-0.665,-3.235,0.000,
1.129,-39.217,76.667,-0.744,-3.082,9.000,
1.131,-39.193,77.535,-0.822,-2.927,8.000,
1.133,-39.160,78.880,-0.901,-2.769,1.000,
1.135,-39.138,80.778,-0.979,-2.607,9.000,
1.137,-39.138,83.271,-1.057,-2.441,8.000,
1.139,-39.154,86.357,-1.135,-2.268,9.000,
1.141,-39.172,90.004,-1.214,-2.088,1.000,
1.143,-39.174,94.170,-1.292,-1.900,9.000,
1.145,-39.149,98.809,-1.370,-1.702,9.000,
1.147,-39.082,103.873,-1.449,-1.494,1.000,
1.149,-38.969,109.307,-1.526,-1.276,9.000,
1.151,-38.810,115.045,-1.604,-1.046,9.000,
1.153,-38.614,121.020,-1.681,-0.804,9.000,
1.155,-38.396,127.159,-1.758,-0.549,9.000,
1.157,-38.176,133.387,-1.834,-0.283,1.000,
1.159,-37.981,139.626,-1.910,-0.003,9.000,
1.161,-37.831,145.805,-1.986,0.288,9.000,
1.163,-37.741,151.863,-2.062,0.592,9.000,
1.165,-37.721,157.748,-2.137,0.908,9.000,
1.167,-37.781,163.414,-2.213,1.234,9.000,
1.169,-37.933,168.822,-2.288,1.572,1.000,
1.171,-38.184,173.934,-2.365,1.920,9.000,
1.173,-38.530,178.715,-2.442,2.277,9.000,
1.175,-38.961,183.129,-2.520,2.644,9.000,
1.177,-39.457,187.143,-2.599,3.018,9.000,
1.179,-39.993,190.730,-2.679,3.399,9.000,
1.181,-40.546,193.883,-2.760,3.787,9.000,
1.183,-41.094,196.611,-2.842,4.180,9.000,
1.185,-41.626,198.944,-2.925,4.578,9.000,
1.187,-42.133,200.940,-3.009,4.980,9.000,
1.189,-42.607,202.673,-3.095,5.385,9.000,
1.191,-43.048,204.230,-3.181,5.794,9.000,
1.193,-43.463,205.704,-3.268,6.205,9.000,
1.195,-43.859,207.179,-3.355,6.620,9.000,
1.197,-44.234,208.715,-3.444,7.037,9.000,
1.200,-44.574,210.352,-3.533,7.458,9.000,
1.201,-44.865,212.114,-3.623,7.882,9.000,
1.203,-45.092,214.017,-3.713,8.310,9.000,
1.205,-45.231,216.056,-3.803,8.742,9.000,
1.207,-45.255,218.219,-3.894,9.179,9.000,
1.209,-45.135,220.491,-3.984,9.620,9.000,
1.211,-44.860,222.873,-4.074,10.065,9.000,
1.213,-44.432,225.393,-4.163,10.516,9.000,
1.215,-43.867,228.101,-4.251,10.972,9.000,
1.217,-43.200,231.061,-4.337,11.434,9.000,
1.219,-42.471,234.332,-4.422,11.903,9.000,
1.221,-41.729,237.958,-4.505,12.379,9.000,
1.223,-41.012,241.959,-4.587,12.863,9.000,
1.225,-40.345,246.333,-4.668,13.356,9.000,
1.227,-39.742,251.058,-4.748,13.858,9.000,
1.229,-39.197,256.085,-4.826,14.370,9.000,
1.231,-38.671,261.334,-4.903,14.893,9.000,
1.233,-38.129,266.724,-4.980,15.426,9.000,
1.235,-37.678,271.123,-5.055,15.968,9.000,
1.237,-37.228,275.416,-5.129,16.519,9.000,
1.239,-36.735,280.101,-5.203,17.079,9.000,
1.241,-36.190,285.245,-5.275,17.650,9.000,
1.243,-35.611,290.628,-5.346,18.231,9.000,
1.245,-35.038,295.939,-5.416,18.823,9.000,
1.247,-34.511,300.921,-5.485,19.425,9.000,
1.249,-34.067,305.425,-5.554,20.036,9.000,
1.251,-33.746,309.398,-5.621,20.654,9.000,
1.253,-33.598,312.835,-5.688,21.280,9.000,
1.255,-33.692,315.745,-5.756,21.912,9.000,
1.257,-34.079,318.097,-5.824,22.548,9.000,
1.259,-34.651,319.682,-5.893,23.187,9.000,
1.261,-35.313,320.281,-5.964,23.828,9.000,
1.263,-36.296,319.942,-6.036,24.468,9.000,
1.265,-38.090,318.952,-6.113,25.105,9.000,
1.267,-41.075,317.611,-6.195,25.741,9.000,
1.269,-45.205,316.030,-6.285,26.373,9.000,
1.271,-50.040,314.105,-6.385,27.001,9.000,
1.273,-54.986,311.624,-6.495,27.624,9.000,
1.275,-59.505,308.397,-6.614,28.241,9.000,
1.277,-63.192,304.304,-6.741,28.850,9.000,
1.279,-65.790,299.316,-6.872,29.448,9.000,
1.281,-67.208,293.485,-7.007,30.035,9.000,
1.283,-67.566,286.940,-7.142,30.609,9.000,
1.285,-67.147,279.861,-7.276,31.169,9.000,
1.287,-66.275,272.448,-7.409,31.714,9.000,
1.289,-65.203,264.887,-7.539,32.243,9.000,
1.291,-64.084,257.325,-7.667,32.758,9.000,
1.293,-63.041,249.906,-7.793,33.258,9.000,
1.295,-62.214,242.798,-7.918,33.744,9.000,
1.297,-61.711,236.186,-8.041,34.216,9.000,
1.300,-61.548,230.254,-8.164,34.676,9.000,
1.301,-61.640,225.159,-8.287,35.127,9.000,
1.303,-61.852,220.982,-8.411,35.569,9.000,
1.305,-62.070,217.734,-8.535,36.004,9.000,
1.307,-62.237,215.394,-8.660,36.435,9.000,
1.309,-62.315,213.930,-8.784,36.863,9.000,
1.311,-62.289,213.290,-8.909,37.289,9.000,
1.313,-62.198,213.404,-9.033,37.716,9.000,
1.315,-62.118,214.171,-9.158,38.145,9.000,
1.317,-62.087,215.439,-9.282,38.575,9.000,
1.319,-62.061,216.996,-9.406,39.009,9.000,
1.321,-61.927,218.608,-9.530,39.447,9.000,
1.323,-61.525,220.049,-9.653,39.887,9.000,
1.325,-60.720,221.111,-9.774,40.329,9.000,
1.327,-59.464,221.640,-9.893,40.772,9.000,
1.329,-57.781,221.599,-10.009,41.215,9.000,
1.331,-55.702,221.030,-10.120,41.657,9.000,
1.333,-53.219,219.951,-10.227,42.097,9.000,
1.335,-50.260,218.315,-10.327,42.534,9.000,
1.337,-46.679,216.034,-10.420,42.966,9.000,
1.339,-42.341,213.015,-10.505,43.392,9.000,
1.341,-38.304,210.043,-10.582,43.812,9.000,
1.343,-33.787,206.523,-10.649,44.225,9.000,
1.345,-28.272,202.072,-10.706,44.629,9.000,
1.347,-21.597,196.593,-10.749,45.023,9.000,
1.349,-13.961,190.263,-10.777,45.403,9.000,
1.351,-5.766,183.435,-10.788,45.770,9.000,
1.353,2.563,176.492,-10.783,46.123,9.000,
1.355,10.706,169.750,-10.762,46.462,9.000,
1.357,18.490,163.408,-10.725,46.789,9.000,
1.359,25.802,157.596,-10.673,47.104,9.000,
1.361,32.533,152.409,-10.608,47.409,9.000,
1.363,38.512,147.911,-10.531,47.705,9.000,
1.365,43.464,144.180,-10.444,47.993,9.000,
1.367,47.033,141.354,-10.350,48.276,9.000,
1.369,48.913,139.606,-10.252,48.555,9.000,
1.371,48.999,139.060,-10.154,48.833,9.000,
1.373,47.389,139.743,-10.060,49.113,9.000,
1.375,44.285,141.550,-9.971,49.396,9.000,
1.377,39.918,144.289,-9.891,49.685,9.000,
1.379,34.574,147.718,-9.822,49.980,9.000,
1.381,28.615,151.554,-9.765,50.283,9.000,
1.383,22.356,155.519,-9.720,50.594,9.000,
1.385,15.900,159.463,-9.688,50.913,9.000,
1.387,9.127,163.524,-9.670,51.240,9.000,
1.389,1.944,167.977,-9.666,51.576,9.000,
1.391,-5.376,172.932,-9.677,51.922,9.000,
1.393,-12.268,178.165,-9.702,52.278,9.000,
1.395,-18.309,183.340,-9.738,52.645,9.000,
1.397,-23.421,188.252,-9.785,53.022,9.000,
1.400,-27.692,192.816,-9.840,53.407,9.000,
1.401,-31.189,196.939,-9.903,53.801,9.000,
1.403,-34.017,200.496,-9.971,54.202,9.000,
1.405,-36.414,203.457,-10.044,54.609,9.000,
1.407,-38.701,205.953,-10.121,55.021,9.000,
1.409,-41.159,208.142,-10.203,55.437,9.000,
1.411,-43.903,210.094,-10.291,55.857,9.000,
1.413,-46.795,211.717,-10.385,56.281,9.000,
1.415,-49.538,212.768,-10.484,56.706,9.000,
1.417,-51.876,212.983,-10.588,57.132,9.000,
1.419,-53.701,212.199,-10.695,57.557,9.000,
1.421,-55.067,210.419,-10.805,57.978,9.000,
1.423,-56.176,207.793,-10.917,58.393,9.000,
1.425,-57.307,204.512,-11.032,58.802,9.000,
1.427,-58.696,200.710,-11.149,59.204,9.000,
1.429,-60.424,196.425,-11.270,59.596,9.000,
1.431,-62.410,191.695,-11.395,59.980,9.000,
1.433,-64.469,186.616,-11.524,60.353,9.000,
1.435,-66.389,181.298,-11.657,60.716,9.000,
1.437,-67.973,175.823,-11.793,61.067,9.000,
1.439,-69.080,170.275,-11.931,61.408,9.000,
1.441,-69.670,164.749,-12.070,61.737,9.000,
1.443,-69.795,159.335,-12.210,62.056,9.000,
1.445,-69.568,154.106,-12.349,62.364,9.000,
1.447,-69.111,149.114,-12.487,62.662,9.000,
1.449,-68.627,145.284,-12.624,62.953,9.000,
1.451,-68.118,141.782,-12.761,63.237,9.000,
1.453,-67.583,138.153,-12.896,63.513,9.000,
1.455,-67.046,134.335,-13.030,63.782,9.000,
1.457,-66.554,130.495,-13.163,64.043,9.000,
1.459,-66.142,126.829,-13.295,64.296,9.000,
1.461,-65.800,123.418,-13.427,64.543,9.000,
1.463,-65.422,120.188,-13.558,64.783,9.000,
1.465,-64.802,116.940,-13.687,65.017,9.000,
1.467,-63.658,113.449,-13.815,65.244,9.000,
1.469,-61.725,109.582,-13.938,65.463,9.000,
1.471,-58.879,105.371,-14.056,65.674,9.000,
1.473,-55.190,100.982,-14.166,65.876,9.000,
1.475,-50.842,96.602,-14.268,66.069,9.000,
1.477,-46.030,92.348,-14.360,66.254,9.000,
1.479,-40.872,88.257,-14.442,66.430,9.000,
1.481,-35.415,84.335,-14.513,66.599,9.000,
1.483,-29.681,80.605,-14.572,66.760,9.000,
1.485,-23.692,77.120,-14.619,66.915,9.000,
1.487,-17.462,73.930,-14.654,67.062,9.000,
1.489,-11.005,71.058,-14.676,67.205,9.000,
1.491,-4.350,68.501,-14.685,67.342,9.000,
1.493,2.428,66.256,-14.680,67.474,9.000,
1.495,9.174,64.352,-14.662,67.603,9.000,
1.497,15.691,62.792,-14.630,67.728,9.000,
1.500,21.838,61.505,-14.587,67.851,9.000,
1.501,27.586,60.375,-14.532,67.972,41.000,
1.503,32.996,59.295,-14.466,68.091,41.000,
1.505,38.169,58.201,-14.389,68.207,41.000,
1.507,43.203,57.055,-14.303,68.321,41.000,
1.509,48.166,55.838,-14.207,68.433,41.000,
1.511,53.100,54.568,-14.100,68.542,41.000,
1.513,57.989,53.302,-13.984,68.649,41.000,
1.515,62.715,52.124,-13.859,68.753,41.000,
1.517,67.098,51.076,-13.725,68.855,41.000,
1.519,70.970,50.188,-13.583,68.955,41.000,
1.521,74.235,49.527,-13.434,69.054,41.000,
1.523,76.891,49.152,-13.281,69.153,41.000,
1.525,79.055,49.031,-13.122,69.251,41.000,
1.527,80.988,48.978,-12.960,69.349,41.000,
1.529,82.996,48.761,-12.794,69.446,41.000,
1.531,85.290,48.266,-12.624,69.543,41.000,
1.533,87.959,47.517,-12.448,69.638,41.000,
1.535,91.049,46.596,-12.266,69.731,41.000,
1.537,94.606,45.516,-12.077,69.822,33.000,
1.539,98.724,44.181,-11.879,69.910,41.000,
1.541,103.531,42.459,-11.672,69.995,41.000,
1.543,109.109,40.319,-11.454,70.076,33.000,
1.545,115.427,37.863,-11.223,70.152,33.000,
1.547,122.332,35.241,-10.978,70.222,41.000,
1.549,129.556,32.584,-10.719,70.287,33.000,
1.551,136.726,29.999,-10.446,70.347,33.000,
1.553,143.448,27.595,-10.159,70.403,33.000,
1.555,148.390,25.845,-9.862,70.454,35.000,
1.557,152.509,24.475,-9.557,70.503,33.000,
1.559,156.504,23.430,-9.244,70.550,35.000,
1.561,160.810,22.909,-8.923,70.596,33.000,
1.563,165.780,23.426,-8.591,70.643,35.000,
1.565,172.088,25.914,-8.247,70.695,35.000,
1.567,180.671,31.609,-7.885,70.758,35.000,
1.569,191.670,41.481,-7.502,70.841,35.000,
1.571,203.431,55.741,-7.095,70.952,35.000,
1.573,212.472,73.747,-6.670,71.100,35.000,
1.575,214.237,94.178,-6.242,71.288,35.000,
1.577,204.548,115.345,-5.833,71.519,35.000,
1.579,181.576,135.601,-5.470,71.790,35.000,
1.581,147.292,153.601,-5.175,72.097,35.000,
1.583,107.081,168.358,-4.961,72.434,35.000,
1.585,67.765,179.236,-4.825,72.792,35.000,
1.587,35.210,185.874,-4.755,73.164,33.000,
1.589,12.618,188.120,-4.730,73.540,33.000,
1.591,0.190,186.070,-4.729,73.912,41.000,
1.593,-3.942,180.208,-4.737,74.273,33.000,
1.595,-2.260,171.448,-4.742,74.616,41.000,
1.597,3.219,161.026,-4.735,74.938,41.000,
1.600,11.243,150.228,-4.713,75.238,41.000,
1.601,21.098,140.090,-4.671,75.518,33.000,
1.603,32.328,131.274,-4.606,75.781,41.000,
1.605,44.952,124.245,-4.516,76.030,33.000,
1.607,59.604,119.456,-4.397,76.268,33.000,
1.609,77.103,117.347,-4.243,76.503,33.000,
1.611,97.880,118.051,-4.047,76.739,33.000,
1.613,121.556,121.129,-3.804,76.981,35.000,
1.615,146.855,125.548,-3.510,77.233,35.000,
1.617,171.912,129.973,-3.166,77.493,35.000,
1.619,194.839,133.359,-2.776,77.759,35.000,
1.621,214.324,135.477,-2.348,78.030,35.000,
1.623,229.985,136.748,-1.888,78.304,35.000,
1.625,242.182,137.569,-1.403,78.579,35.000,
1.627,251.531,137.877,-0.900,78.855,35.000,
1.629,258.509,137.175,-0.383,79.129,35.000,
1.631,263.298,134.818,0.143,79.399,35.000,
1.633,265.823,130.346,0.675,79.659,35.000,
1.635,265.923,123.659,1.207,79.907,35.000,
1.637,263.531,115.009,1.734,80.137,35.000,
1.639,258.792,104.859,2.251,80.346,35.000,
1.641,252.109,93.719,2.756,80.534,35.000,
1.643,244.129,82.070,3.244,80.698,35.000,
1.645,235.667,70.357,3.715,80.839,35.000,
1.647,227.573,58.997,4.170,80.957,35.000,
1.649,220.595,48.397,4.611,81.053,35.000,
1.651,215.269,38.967,5.042,81.131,35.000,
1.653,211.895,31.127,5.466,81.194,35.000,
1.655,210.578,25.311,5.887,81.244,35.000,
1.657,211.269,21.925,6.309,81.288,35.000,
1.659,213.790,21.216,6.737,81.330,35.000,
1.661,216.998,22.557,7.171,81.376,35.000,
1.663,221.097,25.810,7.613,81.427,35.000,
1.665,226.142,30.787,8.066,81.489,35.000,
1.667,231.909,37.147,8.529,81.563,35.000,
1.669,237.918,44.399,9.005,81.652,35.000,
1.671,243.569,51.977,9.492,81.756,35.000,
1.673,248.269,59.234,9.989,81.874,35.000,
1.675,250.801,64.496,10.490,82.003,35.000,
1.677,248.529,64.529,10.988,82.132,35.000,
1.679,238.988,57.190,11.466,82.247,35.000,
1.681,221.905,43.450,11.909,82.334,35.000,
1.683,199.110,26.304,12.308,82.386,35.000,
1.685,173.335,8.918,12.654,82.404,35.000,
1.687,147.223,-6.454,12.949,82.391,35.000,
1.689,122.762,-18.818,13.194,82.354,35.000,
1.691,101.097,-28.214,13.396,82.297,35.000,
1.693,82.665,-35.171,13.562,82.227,35.000,
1.695,67.450,-40.239,13.697,82.146,35.000,
1.697,55.241,-43.748,13.807,82.059,35.000,
1.700,45.799,-45.861,13.899,81.967,35.000,
1.701,38.883,-46.756,13.976,81.874,35.000,
1.703,34.235,-46.739,14.045,81.780,35.000,
1.705,31.523,-46.199,14.108,81.688,35.000,
1.707,30.330,-45.469,14.169,81.597,35.000,
1.709,30.239,-44.702,14.229,81.507,35.000,
1.711,30.965,-43.860,14.291,81.420,35.000,
1.713,32.390,-42.860,14.356,81.334,35.000,
1.715,34.474,-41.656,14.425,81.251,35.000,
1.717,37.210,-40.174,14.499,81.170,35.000,
1.719,40.568,-38.331,14.580,81.094,35.000,
1.721,44.397,-36.169,14.669,81.021,35.000,
1.723,48.432,-33.868,14.766,80.953,35.000,
1.725,52.438,-31.666,14.871,80.890,35.000,
1.727,56.348,-29.816,14.984,80.831,35.000,
1.729,60.271,-28.555,15.104,80.773,35.000,
1.731,64.455,-28.068,15.233,80.717,35.000,
1.733,69.213,-28.424,15.371,80.660,35.000,
1.735,74.754,-29.562,15.521,80.601,35.000,
1.737,81.067,-31.302,15.683,80.539,35.000,
1.739,87.939,-33.409,15.859,80.472,35.000,
1.741,94.962,-35.653,16.049,80.401,35.000,
1.743,101.542,-37.844,16.252,80.325,35.000,
1.745,107.104,-39.854,16.466,80.245,35.000,
1.747,111.231,-41.593,16.689,80.162,35.000,
1.749,113.604,-42.957,16.916,80.076,35.000,
1.751,114.080,-43.848,17.144,79.988,3.000,
1.753,112.658,-44.164,17.369,79.900,3.000,
1.755,109.466,-43.775,17.588,79.813,3.000,
1.757,104.855,-42.565,17.798,79.727,3.000,
1.759,99.301,-40.530,17.997,79.646,3.000,
1.761,93.164,-37.781,18.183,79.571,3.000,
1.763,86.399,-34.367,18.356,79.502,3.000,
1.765,78.302,-29.983,18.512,79.442,3.000,
1.767,67.147,-23.736,18.647,79.395,3.000,
1.769,55.088,-16.995,18.757,79.361,3.000,
1.771,37.998,-8.036,18.833,79.345,3.000,
1.773,13.672,3.549,18.860,79.352,3.000,
1.775,-17.580,16.886,18.825,79.385,3.000,
1.777,-53.598,30.506,18.718,79.446,3.000,
1.779,-91.407,43.079,18.535,79.533,3.000,
1.781,-128.005,53.811,18.279,79.640,3.000,
1.783,-160.900,62.428,17.957,79.765,3.000,
1.785,-188.425,68.920,17.580,79.903,3.000,
1.787,-209.761,73.340,17.161,80.050,1.000,
1.789,-224.767,75.763,16.711,80.201,1.000,
1.791,-233.766,76.338,16.244,80.354,9.000,
1.793,-237.375,75.276,15.769,80.504,1.000,
1.795,-236.318,72.846,15.296,80.650,9.000,
1.797,-231.266,69.354,14.834,80.789,9.000,
1.800,-222.853,65.127,14.388,80.919,1.000,
1.801,-211.767,60.515,13.965,81.040,9.000,
1.803,-198.810,55.838,13.567,81.152,9.000,
1.805,-184.918,51.275,13.197,81.254,1.000,
1.807,-171.083,46.893,12.855,81.348,9.000,
1.809,-158.192,42.710,12.539,81.433,1.000,
1.811,-146.959,38.648,12.245,81.511,1.000,
1.813,-138.214,34.215,11.968,81.579,1.000,
1.815,-133.254,28.383,11.702,81.636,1.000,
1.817,-133.343,20.393,11.435,81.677,1.000,
1.819,-138.870,10.396,11.157,81.698,1.000,
1.821,-149.164,-0.747,10.859,81.696,1.000,
1.823,-162.853,-11.866,10.533,81.672,9.000,
1.825,-178.338,-21.758,10.177,81.629,1.000,
1.827,-194.232,-29.397,9.788,81.570,9.000,
1.829,-209.639,-34.138,9.369,81.502,9.000,
1.831,-224.070,-35.873,8.921,81.430,9.000,
1.833,-237.302,-35.050,8.446,81.360,9.000,
1.835,-249.418,-32.489,7.947,81.295,9.000,
1.837,-260.792,-29.027,7.426,81.237,9.000,
1.839,-271.834,-25.236,6.882,81.186,9.000,
1.841,-282.876,-21.288,6.316,81.144,9.000,
1.843,-294.091,-16.942,5.728,81.110,9.000,
1.845,-305.371,-11.659,5.117,81.087,9.000,
1.847,-316.218,-4.863,4.485,81.077,9.000,
1.849,-325.676,3.785,3.833,81.084,9.000,
1.851,-332.638,14.301,3.168,81.113,9.000,
1.853,-336.305,26.415,2.496,81.166,9.000,
1.855,-336.153,39.571,1.823,81.245,9.000,
1.857,-331.660,52.919,1.160,81.351,9.000,
1.859,-322.317,65.252,0.515,81.481,9.000,
1.861,-307.765,75.015,-0.100,81.631,9.000,
1.863,-287.893,80.513,-0.676,81.792,9.000,
1.865,-263.252,80.040,-1.202,81.952,9.000,
1.867,-235.524,72.273,-1.674,82.097,9.000,
1.869,-207.201,57.097,-2.088,82.211,9.000,
1.871,-180.681,35.878,-2.449,82.283,9.000,
1.873,-157.530,11.088,-2.764,82.305,9.000,
1.875,-141.638,-10.132,-3.048,82.285,9.000,
1.877,-129.386,-29.333,-3.306,82.226,9.000,
1.879,-118.709,-46.959,-3.544,82.132,9.000,
1.881,-109.181,-62.393,-3.762,82.008,9.000,
1.883,-101.264,-74.653,-3.965,81.858,9.000,
1.885,-95.579,-83.113,-4.156,81.692,9.000,
1.887,-92.548,-87.876,-4.341,81.516,9.000,
1.889,-92.243,-89.744,-4.525,81.337,9.000,
1.891,-94.361,-89.897,-4.714,81.157,9.000,
1.893,-98.427,-89.467,-4.911,80.978,9.000,
1.895,-104.003,-89.235,-5.119,80.800,9.000,
1.897,-110.705,-89.583,-5.340,80.620,9.000,
1.900,-118.162,-90.583,-5.577,80.439,9.000,
1.901,-127.443,-92.445,-5.832,80.254,9.000,
1.903,-135.418,-94.360,-6.102,80.066,9.000,
1.905,-142.229,-96.263,-6.387,79.873,9.000,
1.907,-148.082,-98.136,-6.683,79.677,9.000,
1.909,-152.987,-99.986,-6.989,79.477,9.000,
1.911,-156.658,-101.846,-7.302,79.273,9.000,
1.913,-158.693,-103.758,-7.620,79.066,9.000,
1.915,-158.871,-105.551,-7.938,78.855,9.000,
1.917,-157.323,-106.087,-8.252,78.642,9.000,
1.919,-154.430,-103.542,-8.561,78.435,9.000,
1.921,-150.816,-96.708,-8.863,78.242,9.000,
1.923,-147.376,-85.597,-9.157,78.071,9.000,
1.925,-145.034,-71.269,-9.447,77.928,9.000,
1.927,-144.358,-55.374,-9.736,77.817,9.000,
1.929,-145.256,-39.479,-10.027,77.738,9.000,
1.931,-146.980,-24.601,-10.321,77.689,9.000,
1.933,-148.401,-11.250,-10.617,77.667,9.000,
1.935,-148.364,0.302,-10.914,77.667,9.000,
1.937,-145.951,9.837,-11.206,77.687,9.000,
1.939,-140.599,17.186,-11.487,77.721,9.000,
1.941,-132.124,22.294,-11.752,77.766,9.000,
1.943,-120.707,25.259,-11.993,77.816,9.000,
1.945,-106.842,26.309,-12.207,77.869,9.000,
1.947,-91.274,25.791,-12.389,77.921,9.000,
1.949,-74.868,24.114,-12.539,77.969,9.000,
1.951,-58.460,21.652,-12.656,78.012,9.000,
1.953,-42.747,18.701,-12.741,78.050,9.000,
1.955,-28.258,15.525,-12.798,78.081,9.000,
1.957,-15.395,12.379,-12.829,78.105,9.000,
1.959,-4.421,9.468,-12.837,78.124,9.000,
1.961,4.530,6.958,-12.828,78.138,9.000,
1.963,11.406,4.986,-12.806,78.148,9.000,
1.965,16.188,3.658,-12.773,78.156,9.000,
1.967,18.893,3.028,-12.735,78.162,9.000,
1.969,19.630,3.089,-12.696,78.168,9.000,
1.971,18.657,3.758,-12.659,78.175,9.000,
1.973,16.367,4.872,-12.626,78.185,9.000,
1.975,13.255,6.231,-12.600,78.197,9.000,
1.977,9.849,7.639,-12.580,78.213,9.000,
1.979,6.586,8.943,-12.567,78.231,9.000,
1.981,3.723,10.028,-12.559,78.251,9.000,
1.983,1.754,10.707,-12.556,78.272,9.000,
1.985,0.214,11.112,-12.555,78.294,9.000,
1.987,-1.204,11.372,-12.558,78.317,9.000,
1.989,-2.651,11.622,-12.563,78.340,9.000,
1.991,-4.195,11.936,-12.571,78.364,9.000,
1.993,-5.901,12.249,-12.583,78.389,9.000,
1.995,-7.866,12.430,-12.599,78.414,9.000,
1.997,-10.174,12.446,-12.619,78.438,9.000,
2.000,-12.888,12.353,-12.645,78.463,9.000,
2.001,-16.832,12.169,-12.679,78.488,9.000,
2.003,-20.673,11.980,-12.720,78.511,9.000,
2.005,-24.786,11.838,-12.770,78.535,9.000,
2.007,-29.559,11.869,-12.829,78.559,9.000,
2.009,-35.301,12.239,-12.899,78.583,9.000,
2.011,-42.206,13.116,-12.984,78.610,9.000,
2.013,-50.343,14.617,-13.085,78.639,9.000,
2.015,-59.635,16.784,-13.204,78.672,9.000,
2.017,-69.835,19.592,-13.343,78.712,9.000,
2.019,-80.563,22.930,-13.505,78.757,9.000,
2.021,-91.370,26.682,-13.687,78.811,9.000,
2.023,-101.765,30.852,-13.891,78.873,9.000,
2.025,-111.209,35.597,-14.113,78.944,9.000,
2.027,-119.118,41.154,-14.352,79.026,9.000,
2.029,-124.883,47.803,-14.601,79.122,9.000,
2.031,-127.926,55.871,-14.857,79.233,9.000,
2.033,-127.894,65.597,-15.113,79.365,9.000,
2.035,-124.869,76.901,-15.363,79.518,9.000,
2.037,-119.399,89.362,-15.601,79.697,9.000,
2.039,-112.334,102.321,-15.826,79.902,9.000,
2.041,-104.621,114.964,-16.035,80.132,9.000,
2.043,-97.145,126.455,-16.230,80.385,9.000,
2.045,-90.665,136.080,-16.411,80.657,9.000,
2.047,-85.867,143.239,-16.583,80.943,9.000,
2.049,-83.446,147.349,-16.750,81.238,9.000,
2.051,-84.057,147.895,-16.918,81.534,9.000,
2.053,-88.182,144.568,-17.094,81.823,9.000,
2.055,-95.945,137.354,-17.286,82.098,9.000,
2.057,-106.986,126.568,-17.500,82.351,9.000,
2.059,-120.412,112.876,-17.741,82.576,9.000,
2.061,-134.900,97.306,-18.011,82.771,9.000,
2.063,-148.876,81.132,-18.308,82.933,9.000,
2.065,-160.741,65.594,-18.630,83.064,9.000,
2.067,-169.105,51.631,-18.968,83.168,9.000,
2.069,-172.979,39.737,-19.314,83.247,9.000,
2.071,-171.871,29.994,-19.658,83.307,9.000,
2.073,-165.803,22.220,-19.989,83.352,9.000,
2.075,-155.259,16.150,-20.300,83.384,9.000,
2.077,-141.088,11.562,-20.582,83.407,9.000,
2.079,-124.376,8.289,-20.831,83.424,9.000,
2.081,-106.275,6.091,-21.043,83.436,9.000,
2.083,-87.832,4.615,-21.219,83.445,9.000,
2.085,-69.908,3.442,-21.359,83.452,9.000,
2.087,-53.146,2.217,-21.465,83.456,9.000,
2.089,-40.701,1.144,-21.547,83.459,9.000,
2.091,-30.047,0.131,-21.607,83.459,9.000,
2.093,-19.763,-0.669,-21.646,83.458,9.000,
2.095,-9.487,-1.173,-21.665,83.455,9.000,
2.097,0.558,-1.491,-21.664,83.452,9.000,
2.100,10.007,-1.866,-21.644,83.449,9.000,
2.101,20.054,-2.897,-21.604,83.443,9.000,
2.103,27.831,-4.231,-21.548,83.434,9.000,
2.105,33.901,-6.081,-21.480,83.422,9.000,
2.107,38.907,-8.419,-21.403,83.405,9.000,
2.109,43.245,-10.938,-21.316,83.383,9.000,
2.111,46.952,-13.214,-21.222,83.357,9.000,
2.113,49.792,-14.887,-21.123,83.327,9.000,
2.115,51.438,-15.750,-21.020,83.296,9.000,
2.117,51.646,-15.757,-20.916,83.264,9.000,
2.119,50.349,-14.987,-20.816,83.234,9.000,
2.121,47.666,-13.595,-20.720,83.207,9.000,
2.123,43.858,-11.760,-20.633,83.184,9.000,
2.125,39.250,-9.644,-20.554,83.164,9.000,
2.127,34.155,-7.380,-20.486,83.149,9.000,
2.129,28.828,-5.068,-20.428,83.139,9.000,
2.131,23.457,-2.791,-20.381,83.134,9.000,
2.133,18.163,-0.622,-20.345,83.132,9.000,
2.135,13.011,1.362,-20.319,83.135,9.000,
2.137,8.001,3.085,-20.303,83.141,9.000,
2.139,3.083,4.497,-20.297,83.150,9.000,
2.141,-1.812,5.578,-20.300,83.162,9.000,
2.143,-6.734,6.342,-20.314,83.174,9.000,
2.145,-11.679,6.830,-20.337,83.188,9.000,
2.147,-16.574,7.091,-20.370,83.202,9.000,
2.149,-21.272,7.173,-20.413,83.216,9.000,
2.151,-25.574,7.123,-20.464,83.231,9.000,
2.153,-29.258,6.972,-20.523,83.245,9.000,
2.155,-32.132,6.730,-20.587,83.258,9.000,
2.157,-34.065,6.390,-20.655,83.271,9.000,
2.159,-35.012,5.936,-20.725,83.283,9.000,
2.161,-35.011,5.360,-20.795,83.293,9.000,
2.163,-34.165,4.658,-20.863,83.303,9.000,
2.165,-32.599,3.815,-20.929,83.310,9.000,
2.167,-30.420,2.809,-20.989,83.316,9.000,
2.169,-27.739,1.661,-21.045,83.319,9.000,
2.171,-24.702,0.455,-21.094,83.320,9.000,
2.173,-21.496,-0.689,-21.137,83.319,9.000,
2.175,-18.320,-1.659,-21.174,83.316,9.000,
2.177,-15.334,-2.398,-21.205,83.311,9.000,
2.179,-12.635,-2.919,-21.230,83.305,9.000,
2.181,-10.261,-3.281,-21.250,83.298,9.000,
2.183,-8.230,-3.544,-21.267,83.291,9.000,
2.185,-6.543,-3.750,-21.280,83.284,9.000,
2.187,-5.169,-3.927,-21.290,83.276,9.000,
2.189,-4.030,-4.097,-21.298,83.268,9.000,
2.191,-3.022,-4.289,-21.304,83.259,9.000,
2.193,-2.053,-4.524,-21.308,83.250,9.000,
2.195,-1.283,-4.751,-21.311,83.241,9.000,
2.197,-0.546,-5.018,-21.312,83.231,9.000,
2.200,0.182,-5.341,-21.312,83.220,9.000,
2.201,0.829,-5.767,-21.310,83.208,9.000,
2.203,1.166,-6.136,-21.308,83.196,9.000,
2.205,1.048,-6.426,-21.306,83.183,9.000,
2.207,0.408,-6.635,-21.305,83.170,9.000,
2.209,-0.714,-6.779,-21.306,83.156,9.000,
2.211,-2.173,-6.879,-21.311,83.143,9.000,
2.213,-3.774,-6.942,-21.318,83.129,9.000,
2.215,-5.319,-6.954,-21.329,83.115,9.000,
2.217,-6.632,-6.893,-21.342,83.101,9.000,
2.219,-7.579,-6.745,-21.357,83.088,9.000,
2.221,-8.087,-6.499,-21.373,83.075,9.000,
2.223,-8.152,-6.163,-21.390,83.062,9.000,
2.225,-7.827,-5.754,-21.405,83.051,9.000,
2.227,-7.218,-5.298,-21.420,83.040,9.000,
2.229,-6.452,-4.818,-21.433,83.030,9.000,
2.231,-5.646,-4.325,-21.444,83.022,9.000,
2.233,-4.895,-3.821,-21.454,83.014,9.000,
2.235,-4.252,-3.303,-21.462,83.008,9.000,
2.237,-3.726,-2.773,-21.470,83.002,9.000,
2.239,-3.283,-2.244,-21.476,82.998,9.000,
2.241,-2.871,-1.730,-21.482,82.994,9.000,
2.243,-2.440,-1.242,-21.487,82.992,9.000,
2.245,-1.953,-0.794,-21.491,82.990,9.000,
2.247,-1.397,-0.392,-21.494,82.989,9.000,
2.249,-0.782,-0.040,-21.495,82.989,9.000,
2.251,-0.142,0.267,-21.496,82.990,9.000,
2.253,0.466,0.537,-21.495,82.991,9.000,
2.255,0.983,0.778,-21.493,82.992,9.000,
2.257,1.371,0.990,-21.490,82.994,9.000,
2.259,1.621,1.168,-21.487,82.997,9.000,
2.261,1.749,1.316,-21.483,82.999,9.000,
2.263,1.791,1.447,-21.480,83.002,9.000,
2.265,1.801,1.579,-21.476,83.005,9.000,
2.267,1.837,1.731,-21.472,83.009,9.000,
2.269,1.946,1.919,-21.468,83.013,9.000,
2.271,2.152,2.151,-21.464,83.017,9.000,
2.273,2.451,2.421,-21.459,83.022,9.000,
2.275,2.818,2.715,-21.454,83.027,9.000,
2.277,3.212,3.008,-21.447,83.033,9.000,
2.279,3.584,3.267,-21.440,83.040,9.000,
2.281,3.889,3.462,-21.432,83.047,9.000,
2.283,4.090,3.572,-21.424,83.054,9.000,
2.285,4.159,3.589,-21.416,83.061,9.000,
2.287,4.088,3.518,-21.407,83.068,9.000,
2.289,3.888,3.374,-21.400,83.075,9.000,
2.291,3.592,3.178,-21.393,83.081,9.000,
2.293,3.240,2.956,-21.386,83.087,9.000,
2.295,2.875,2.732,-21.380,83.092,9.000,
2.297,2.538,2.528,-21.375,83.098,9.000,
2.300,2.263,2.359,-21.371,83.102,9.000,
2.301,2.066,2.232,-21.367,83.107,9.000,
2.303,1.963,2.162,-21.363,83.111,9.000,
2.305,1.915,2.121,-21.359,83.115,9.000,
2.307,1.896,2.090,-21.355,83.119,9.000,
2.309,1.891,2.058,-21.351,83.124,9.000,
2.311,1.891,2.020,-21.347,83.128,9.000,
2.313,1.892,1.971,-21.344,83.132,9.000,
2.315,1.892,1.908,-21.340,83.135,9.000,
2.317,1.889,1.832,-21.336,83.139,9.000,
2.319,1.882,1.746,-21.332,83.143,9.000,
2.321,1.867,1.653,-21.329,83.146,9.000,
2.323,1.841,1.557,-21.325,83.149,9.000,
2.325,1.805,1.459,-21.321,83.152,9.000,
2.327,1.757,1.363,-21.318,83.155,9.000,
2.329,1.695,1.274,-21.314,83.157,9.000,
2.331,1.611,1.194,-21.311,83.160,9.000,
2.333,1.505,1.123,-21.308,83.162,9.000,
2.335,1.378,1.057,-21.305,83.164,9.000,
2.337,1.236,0.989,-21.303,83.166,9.000,
2.339,1.087,0.916,-21.301,83.168,9.000,
2.341,0.938,0.835,-21.299,83.169,9.000,
2.343,0.792,0.747,-21.297,83.171,9.000,
2.345,0.651,0.653,-21.296,83.172,9.000,
2.347,0.521,0.555,-21.295,83.173,9.000,
2.349,0.404,0.452,-21.294,83.174,9.000,
2.351,0.294,0.347,-21.294,83.175,9.000,
2.353,0.182,0.237,-21.293,83.175,9.000,
2.355,0.059,0.120,-21.293,83.176,9.000,
2.357,-0.077,-0.009,-21.293,83.176,9.000,
2.359,-0.221,-0.151,-21.294,83.175,9.000,
2.361,-0.370,-0.304,-21.294,83.175,9.000,
2.363,-0.520,-0.465,-21.295,83.174,9.000,
2.365,-0.666,-0.629,-21.297,83.173,9.000,
2.367,-0.804,-0.795,-21.298,83.171,9.000,
2.369,-0.927,-0.961,-21.300,83.169,9.000,
2.371,-1.031,-1.123,-21.302,83.167,9.000,
2.373,-1.120,-1.270,-21.305,83.164,9.000,
2.375,-1.202,-1.395,-21.307,83.161,9.000,
2.377,-1.282,-1.496,-21.310,83.158,9.000,
2.379,-1.361,-1.574,-21.312,83.155,9.000,
2.381,-1.434,-1.633,-21.315,83.152,9.000,
2.383,-1.495,-1.676,-21.318,83.149,9.000,
2.385,-1.542,-1.701,-21.321,83.145,9.000,
2.387,-1.571,-1.706,-21.324,83.142,9.000,
2.389,-1.583,-1.690,-21.328,83.138,9.000,
2.391,-1.576,-1.659,-21.331,83.135,9.000,
2.393,-1.552,-1.621,-21.334,83.132,9.000,
2.395,-1.522,-1.584,-21.337,83.129,9.000,
2.397,-1.497,-1.556,-21.340,83.126,9.000,
2.400,-1.484,-1.541,-21.343,83.123,9.000,
2.401,-1.484,-1.537,-21.346,83.119,9.000,
2.403,-1.493,-1.542,-21.349,83.116,9.000,
2.405,-1.506,-1.553,-21.352,83.113,9.000,
2.407,-1.518,-1.565,-21.355,83.110,9.000,
2.409,-1.528,-1.572,-21.358,83.107,9.000,
2.411,-1.534,-1.566,-21.361,83.104,9.000,
2.413,-1.534,-1.545,-21.364,83.101,9.000,
2.415,-1.525,-1.510,-21.367,83.098,9.000,
2.417,-1.504,-1.462,-21.370,83.095,9.000,
2.419,-1.471,-1.398,-21.373,83.092,9.000,
2.421,-1.424,-1.315,-21.376,83.089,9.000,
2.423,-1.360,-1.212,-21.379,83.087,9.000,
2.425,-1.272,-1.092,-21.381,83.085,9.000,
2.427,-1.159,-0.961,-21.383,83.083,9.000,
2.429,-1.026,-0.825,-21.385,83.081,9.000,
2.431,-0.881,-0.684,-21.387,83.080,9.000,
2.433,-0.728,-0.542,-21.389,83.079,9.000,
2.435,-0.574,-0.402,-21.390,83.078,9.000,
2.437,-0.419,-0.270,-21.391,83.077,9.000,
2.439,-0.264,-0.151,-21.391,83.077,9.000,
2.441,-0.116,-0.043,-21.391,83.077,9.000,
2.443,0.019,0.057,-21.391,83.077,9.000,
2.445,0.139,0.151,-21.391,83.077,9.000,
2.447,0.248,0.241,-21.391,83.078,9.000,
2.449,0.349,0.327,-21.390,83.079,9.000,
2.451,0.444,0.415,-21.389,83.079,9.000,
2.453,0.535,0.507,-21.388,83.080,9.000,
2.455,0.624,0.604,-21.387,83.082,9.000,
2.457,0.711,0.703,-21.385,83.083,9.000,
2.459,0.797,0.797,-21.384,83.085,9.000,
2.461,0.881,0.883,-21.382,83.086,9.000,
2.463,0.957,0.961,-21.380,83.088,9.000,
2.465,1.022,1.027,-21.378,83.090,9.000,
2.467,1.072,1.080,-21.376,83.093,9.000,
2.469,1.108,1.119,-21.374,83.095,9.000,
2.471,1.135,1.146,-21.371,83.097,9.000,
2.473,1.153,1.164,-21.369,83.099,9.000,
2.475,1.162,1.177,-21.367,83.102,9.000,
2.477,1.160,1.188,-21.364,83.104,9.000,
2.479,1.152,1.195,-21.362,83.107,9.000,
2.481,1.141,1.199,-21.360,83.109,9.000,
2.483,1.130,1.201,-21.358,83.111,9.000,
2.485,1.121,1.204,-21.355,83.114,9.000,
2.487,1.114,1.210,-21.353,83.116,9.000,
2.489,1.110,1.218,-21.351,83.119,9.000,
2.491,1.109,1.226,-21.349,83.121,9.000,
2.493,1.112,1.231,-21.346,83.124,9.000,
2.495,1.114,1.228,-21.344,83.126,9.000,
2.497,1.108,1.213,-21.342,83.128,9.000,
2.500,1.087,1.188,-21.340,83.131,9.000,
2.501,1.048,1.154,-21.338,83.133,9.000,
0.706,0.655,-1.732,-0.083,0.185,0.000,
0.708,0.693,-1.755,-0.082,0.182,0.000,
0.710,0.744,-1.768,-0.080,0.178,0.000,
0.712,0.810,-1.771,-0.079,0.175,0.000,
0.714,0.892,-1.767,-0.077,0.171,0.000,
0.716,0.988,-1.756,-0.075,0.168,0.000,
0.718,1.094,-1.739,-0.073,0.164,0.000,
0.720,1.206,-1.719,-0.070,0.161,0.000,
0.722,1.319,-1.698,-0.068,0.157,0.000,
0.724,1.426,-1.674,-0.065,0.154,0.000,
0.726,1.522,-1.645,-0.062,0.151,0.000,
0.728,1.605,-1.610,-0.059,0.148,0.000,
0.730,1.677,-1.568,-0.055,0.144,0.000,
0.732,1.738,-1.517,-0.052,0.141,0.000,
0.734,1.786,-1.462,-0.048,0.138,0.000,
0.736,1.820,-1.400,-0.045,0.136,0.000,
0.738,1.836,-1.326,-0.041,0.133,0.000,
0.740,1.829,-1.236,-0.037,0.131,0.000,
0.742,1.793,-1.125,-0.034,0.128,2.000,
0.744,1.727,-0.995,-0.030,0.126,0.000,
0.746,1.635,-0.853,-0.027,0.125,0.000,
0.748,1.520,-0.707,-0.024,0.123,0.000,
0.750,1.387,-0.564,-0.021,0.122,0.000,
0.752,1.240,-0.428,-0.019,0.121,0.000,
0.754,1.081,-0.303,-0.017,0.121,0.000,
0.756,0.915,-0.192,-0.015,0.120,0.000,
0.758,0.746,-0.096,-0.013,0.120,1.000,
0.760,0.578,-0.017,-0.012,0.120,0.000,
0.762,0.416,0.042,-0.011,0.120,0.000,
0.764,0.265,0.079,-0.011,0.120,0.000,
0.766,0.130,0.094,-0.010,0.120,0.000,
0.768,0.012,0.089,-0.010,0.121,0.000,
0.770,-0.088,0.065,-0.011,0.121,0.000,
0.772,-0.172,0.027,-0.011,0.121,0.000,
0.774,-0.241,-0.021,-0.011,0.121,0.000,
0.776,-0.301,-0.073,-0.012,0.121,0.000,
0.778,-0.350,-0.121,-0.013,0.120,0.000,
0.780,-0.386,-0.161,-0.014,0.120,0.000,
0.782,-0.407,-0.188,-0.014,0.120,0.000,
0.784,-0.412,-0.197,-0.015,0.119,0.000,
0.786,-0.403,-0.189,-0.016,0.119,0.000,
0.788,-0.380,-0.166,-0.017,0.119,0.000,
0.790,-0.343,-0.131,-0.017,0.118,0.000,
0.792,-0.293,-0.090,-0.018,0.118,0.000,
0.794,-0.230,-0.048,-0.018,0.118,0.000,
0.796,-0.155,-0.010,-0.019,0.118,0.000,
0.798,-0.074,0.023,-0.019,0.118,0.000,
0.800,0.012,0.049,-0.019,0.118,0.000,
0.803,0.096,0.063,-0.019,0.118,0.000,
0.804,0.175,0.062,-0.018,0.118,0.000,
0.806,0.246,0.045,-0.018,0.118,0.000,
0.808,0.309,0.014,-0.017,0.118,0.000,
0.810,0.365,-0.026,-0.017,0.118,0.000,
0.812,0.416,-0.077,-0.016,0.118,0.000,
0.814,0.462,-0.140,-0.015,0.118,0.000,
0.816,0.495,-0.199,-0.014,0.118,0.000,
0.818,0.520,-0.265,-0.013,0.117,0.000,
0.820,0.536,-0.338,-0.012,0.116,0.000,
0.822,0.542,-0.416,-0.011,0.116,0.000,
0.824,0.534,-0.491,-0.010,0.115,0.000,
0.826,0.511,-0.555,-0.008,0.113,0.000,
0.828,0.475,-0.603,-0.008,0.112,0.000,
0.830,0.430,-0.631,-0.007,0.111,0.000,
0.832,0.384,-0.644,-0.006,0.110,0.000,
0.834,0.341,-0.645,-0.005,0.108,0.000,
0.836,0.301,-0.636,-0.005,0.107,0.000,
0.838,0.261,-0.617,-0.004,0.106,0.000,
0.840,0.219,-0.590,-0.004,0.105,0.000,
0.842,0.175,-0.560,-0.003,0.104,0.000,
0.844,0.130,-0.531,-0.003,0.103,0.000,
0.846,0.084,-0.510,-0.003,0.102,0.000,
0.848,0.041,-0.503,-0.003,0.101,0.000,
0.850,0.006,-0.513,-0.003,0.099,0.000,
0.852,-0.018,-0.542,-0.003,0.098,0.000,
0.854,-0.029,-0.585,-0.003,0.097,0.000,
0.856,-0.029,-0.636,-0.003,0.096,0.000,
0.858,-0.018,-0.687,-0.003,0.095,0.000,
0.860,0.007,-0.732,-0.003,0.093,0.000,
0.862,0.046,-0.769,-0.003,0.092,0.000,
0.864,0.097,-0.799,-0.003,0.090,0.000,
0.866,0.155,-0.825,-0.002,0.088,0.000,
0.868,0.218,-0.846,-0.002,0.087,0.000,
0.870,0.282,-0.858,-0.001,0.085,0.000,
0.872,0.341,-0.855,-0.001,0.083,0.000,
0.874,0.391,-0.832,0.000,0.082,0.000,
0.876,0.428,-0.786,0.001,0.080,0.000,
0.878,0.448,-0.718,0.002,0.079,0.000,
0.880,0.450,-0.629,0.003,0.077,0.000,
0.882,0.435,-0.522,0.004,0.076,0.000,
0.884,0.402,-0.403,0.004,0.075,0.000,
0.886,0.358,-0.281,0.005,0.075,0.000,
0.888,0.309,-0.164,0.006,0.075,0.000,
0.890,0.259,-0.061,0.006,0.074,0.000,
0.892,0.210,0.026,0.007,0.074,0.000,
0.894,0.165,0.091,0.007,0.075,0.000,
0.896,0.124,0.136,0.007,0.075,0.000,
0.898,0.090,0.161,0.007,0.075,0.000,
0.900,0.065,0.172,0.008,0.076,0.000,
0.903,0.051,0.174,0.008,0.076,0.000,
0.904,0.047,0.172,0.008,0.076,0.000,
0.906,0.052,0.174,0.008,0.077,0.000,
0.908,0.064,0.182,0.008,0.077,0.000,
0.910,0.085,0.198,0.008,0.077,0.000,
0.912,0.119,0.222,0.008,0.078,0.000,
0.914,0.168,0.251,0.009,0.078,1.000,
0.916,0.233,0.280,0.009,0.079,0.000,
0.918,0.310,0.302,0.010,0.080,0.000,
0.920,0.393,0.311,0.011,0.080,0.000,
0.922,0.474,0.303,0.012,0.081,0.000,
0.924,0.533,0.284,0.013,0.081,0.000,
0.926,0.574,0.251,0.014,0.082,0.000,
0.928,0.600,0.209,0.015,0.082,0.000,
0.930,0.611,0.163,0.016,0.083,0.000,
0.932,0.607,0.121,0.017,0.083,0.000,
0.934,0.588,0.090,0.019,0.083,0.000,
0.936,0.556,0.073,0.020,0.083,0.000,
0.938,0.508,0.067,0.021,0.083,0.000,
0.940,0.449,0.063,0.022,0.083,0.000,
0.942,0.378,0.055,0.022,0.083,0.000,
0.944,0.298,0.032,0.023,0.084,0.000,
0.946,0.209,-0.011,0.023,0.084,0.000,
0.948,0.114,-0.073,0.024,0.083,0.000,
0.950,0.016,-0.152,0.024,0.083,0.000,
0.952,-0.078,-0.241,0.023,0.083,0.000,
0.954,-0.164,-0.333,0.023,0.082,0.000,
0.956,-0.235,-0.424,0.023,0.081,0.000,
0.958,-0.285,-0.507,0.022,0.080,0.000,
0.960,-0.311,-0.579,0.022,0.079,0.000,
0.962,-0.313,-0.641,0.021,0.078,0.000,
0.964,-0.294,-0.696,0.020,0.076,0.000,
0.966,-0.255,-0.746,0.020,0.075,0.000,
0.968,-0.193,-0.794,0.019,0.073,0.000,
0.970,-0.108,-0.837,0.019,0.071,0.000,
0.972,0.001,-0.874,0.019,0.070,0.000,
0.974,0.134,-0.901,0.019,0.068,0.000,
0.976,0.287,-0.912,0.020,0.066,0.000,
0.978,0.455,-0.904,0.021,0.064,0.000,
0.980,0.628,-0.876,0.022,0.063,0.000,
0.982,0.798,-0.827,0.024,0.061,0.000,
0.984,0.960,-0.759,0.026,0.059,0.000,
0.986,1.112,-0.678,0.028,0.058,0.000,
0.988,1.253,-0.594,0.030,0.057,0.000,
0.990,1.383,-0.516,0.033,0.056,0.000,
0.992,1.501,-0.452,0.036,0.055,0.000,
0.994,1.603,-0.405,0.039,0.054,0.000,
0.996,1.684,-0.375,0.043,0.053,0.000,
0.998,1.746,-0.363,0.046,0.053,0.000,
1.000,1.796,-0.369,0.050,0.052,0.000,
1.003,1.840,-0.389,0.054,0.051,0.000,
1.004,1.879,-0.420,0.057,0.050,0.000,
1.006,1.911,-0.463,0.061,0.049,0.000,
1.008,1.933,-0.523,0.065,0.048,0.000,
1.010,1.943,-0.601,0.069,0.047,0.000,
1.012,1.939,-0.692,0.073,0.046,0.000,
1.014,1.922,-0.789,0.077,0.044,0.000,
1.016,1.891,-0.888,0.080,0.042,2.000,
1.018,1.849,-0.983,0.084,0.040,0.000,
1.020,1.798,-1.069,0.088,0.038,0.000,
1.022,1.737,-1.143,0.091,0.036,0.000,
1.024,1.661,-1.205,0.094,0.034,0.000,
1.026,1.566,-1.248,0.098,0.031,0.000,
1.028,1.450,-1.267,0.100,0.029,0.000,
1.030,1.315,-1.255,0.103,0.026,0.000,
1.032,1.172,-1.211,0.105,0.024,0.000,
1.034,1.056,-1.152,0.108,0.021,0.000,
1.036,0.954,-1.074,0.109,0.019,0.000,
1.038,0.862,-0.976,0.111,0.017,0.000,
1.040,0.783,-0.864,0.113,0.015,0.000,
1.042,0.722,-0.748,0.114,0.014,0.000,
1.044,0.682,-0.635,0.116,0.013,0.000,
1.046,0.662,-0.532,0.117,0.012,0.000,
1.048,0.660,-0.443,0.118,0.011,0.000,
1.050,0.674,-0.373,0.120,0.010,0.000,
1.052,0.702,-0.315,0.121,0.009,0.000,
1.054,0.739,-0.265,0.122,0.009,0.000,
1.056,0.779,-0.222,0.124,0.008,0.000,
1.058,0.816,-0.185,0.126,0.008,0.000,
1.060,0.847,-0.153,0.127,0.008,0.000,
1.062,0.871,-0.123,0.129,0.007,0.000,
1.064,0.885,-0.092,0.131,0.007,0.000,
1.066,0.890,-0.056,0.133,0.007,0.000,
1.068,0.885,-0.011,0.134,0.007,0.000,
1.070,0.874,0.038,0.136,0.007,0.000,
1.072,0.858,0.087,0.138,0.007,0.000,
1.074,0.836,0.130,0.140,0.008,0.000,
1.076,0.808,0.166,0.141,0.008,2.000,
1.078,0.772,0.191,0.143,0.008,0.000,
1.080,0.725,0.202,0.144,0.009,0.000,
1.082,0.668,0.197,0.145,0.009,0.000,
1.084,0.604,0.176,0.147,0.010,0.000,
1.086,0.535,0.141,0.148,0.010,0.000,
1.088,0.467,0.096,0.149,0.010,0.000,
1.090,0.404,0.045,0.150,0.010,0.000,
1.092,0.347,-0.005,0.150,0.010,0.000,
1.094,0.294,-0.053,0.151,0.010,0.000,
1.096,0.246,-0.096,0.151,0.010,0.000,
1.098,0.203,-0.135,0.152,0.010,0.000,
1.100,0.165,-0.172,0.152,0.009,0.000,
1.103,0.129,-0.206,0.152,0.009,0.000,
1.104,0.094,-0.240,0.152,0.008,0.000,
1.106,0.061,-0.273,0.153,0.008,0.000,
1.108,0.031,-0.306,0.153,0.007,0.000,
1.110,0.006,-0.336,0.153,0.006,4.000,
1.112,-0.014,-0.362,0.153,0.006,0.000,
1.114,-0.028,-0.382,0.153,0.005,0.000,
1.116,-0.033,-0.394,0.153,0.004,0.000,
1.118,-0.028,-0.396,0.152,0.003,0.000,
1.120,-0.012,-0.391,0.152,0.003,0.000,
1.122,0.014,-0.384,0.152,0.002,0.000,
1.124,0.049,-0.380,0.153,0.001,0.000,
1.126,0.091,-0.383,0.153,0.000,0.000,
1.128,0.134,-0.396,0.153,-0.000,0.000,
1.130,0.178,-0.421,0.153,-0.001,0.000,
1.132,0.221,-0.459,0.154,-0.002,0.000,
1.134,0.264,-0.506,0.154,-0.003,0.000,
1.136,0.309,-0.557,0.155,-0.004,0.000,
1.138,0.359,-0.606,0.156,-0.006,0.000,
1.140,0.413,-0.647,0.156,-0.007,0.000,
1.142,0.460,-0.674,0.157,-0.008,0.000,
1.144,0.508,-0.688,0.158,-0.010,0.000,
1.146,0.557,-0.693,0.160,-0.011,0.000,
1.148,0.602,-0.691,0.161,-0.012,2.000,
1.150,0.637,-0.680,0.162,-0.014,0.000,
1.152,0.657,-0.660,0.163,-0.015,0.000,
1.154,0.664,-0.628,0.165,-0.016,0.000,
1.156,0.665,-0.582,0.166,-0.017,0.000,
1.158,0.667,-0.527,0.167,-0.019,0.000,
1.160,0.672,-0.471,0.169,-0.019,0.000,
1.162,0.679,-0.420,0.170,-0.020,0.000,
1.164,0.687,-0.378,0.171,-0.021,0.000,
1.166,0.693,-0.347,0.173,-0.022,0.000,
1.168,0.695,-0.329,0.174,-0.022,0.000,
1.170,0.691,-0.320,0.176,-0.023,0.000,
1.172,0.680,-0.319,0.177,-0.024,0.000,
1.174,0.662,-0.324,0.178,-0.024,0.000,
1.176,0.637,-0.335,0.180,-0.025,0.000,
1.178,0.602,-0.350,0.181,-0.026,0.000,
1.180,0.557,-0.371,0.182,-0.026,0.000,
1.182,0.504,-0.393,0.183,-0.027,0.000,
1.184,0.445,-0.412,0.184,-0.028,0.000,
1.186,0.386,-0.425,0.185,-0.029,0.000,
1.188,0.331,-0.429,0.185,-0.030,0.000,
1.190,0.286,-0.425,0.186,-0.031,0.000,
1.192,0.252,-0.414,0.186,-0.031,0.000,
1.194,0.228,-0.397,0.187,-0.032,0.000,
1.196,0.214,-0.375,0.187,-0.033,0.000,
1.198,0.209,-0.349,0.188,-0.034,0.000,
1.200,0.215,-0.320,0.188,-0.034,0.000,
1.203,0.232,-0.287,0.188,-0.035,0.000,
1.204,0.260,-0.252,0.189,-0.035,2.000,
1.206,0.299,-0.220,0.190,-0.036,0.000,
1.208,0.346,-0.193,0.190,-0.036,0.000,
1.210,0.400,-0.176,0.191,-0.037,0.000,
1.212,0.464,-0.172,0.192,-0.037,0.000,
1.214,0.537,-0.181,0.193,-0.037,0.000,
1.216,0.617,-0.202,0.194,-0.038,0.000,
1.218,0.701,-0.227,0.196,-0.038,0.000,
1.220,0.787,-0.254,0.197,-0.039,0.000,
1.222,0.869,-0.285,0.199,-0.039,0.000,
1.224,0.946,-0.319,0.201,-0.040,0.000,
1.226,1.012,-0.360,0.203,-0.041,0.000,
1.228,1.069,-0.407,0.205,-0.041,0.000,
1.230,1.115,-0.458,0.207,-0.042,0.000,
1.232,1.152,-0.510,0.210,-0.043,0.000,
1.234,1.178,-0.561,0.212,-0.044,0.000,
1.236,1.196,-0.609,0.214,-0.046,0.000,
1.238,1.206,-0.654,0.217,-0.047,0.000,
1.240,1.213,-0.695,0.219,-0.048,0.000,
1.242,1.219,-0.731,0.222,-0.050,0.000,
1.244,1.226,-0.763,0.224,-0.051,0.000,
1.246,1.233,-0.791,0.227,-0.053,0.000,
1.248,1.235,-0.813,0.229,-0.055,2.000,
1.250,1.231,-0.824,0.231,-0.056,0.000,
1.252,1.221,-0.826,0.234,-0.058,0.000,
1.254,1.205,-0.817,0.236,-0.060,0.000,
1.256,1.183,-0.799,0.239,-0.061,0.000,
1.258,1.156,-0.771,0.241,-0.063,0.000,
1.260,1.122,-0.734,0.243,-0.064,0.000,
1.262,1.078,-0.684,0.245,-0.065,0.000,
1.264,1.023,-0.624,0.247,-0.067,0.000,
1.266,0.953,-0.552,0.249,-0.068,0.000,
1.268,0.868,-0.470,0.251,-0.069,0.000,
1.270,0.772,-0.376,0.253,-0.070,0.000,
1.272,0.670,-0.267,0.254,-0.070,0.000,
1.274,0.566,-0.143,0.255,-0.070,0.000,
1.276,0.465,-0.004,0.256,-0.070,0.000,
1.278,0.370,0.147,0.257,-0.070,0.000,
1.280,0.284,0.301,0.257,-0.069,0.000,
1.282,0.205,0.454,0.258,-0.069,0.000,
1.284,0.129,0.602,0.258,-0.067,0.000,
1.286,0.054,0.744,0.258,-0.066,0.000,
1.288,-0.025,0.879,0.258,-0.064,2.000,
1.290,-0.111,1.004,0.258,-0.062,0.000,
1.292,-0.205,1.117,0.257,-0.060,0.000,
1.294,-0.307,1.216,0.257,-0.057,0.000,
1.296,-0.415,1.299,0.256,-0.055,0.000,
1.298,-0.527,1.364,0.255,-0.052,0.000,
1.300,-0.640,1.413,0.254,-0.049,0.000,
1.303,-0.749,1.449,0.252,-0.046,0.000,
1.304,-0.850,1.473,0.250,-0.043,0.000,
1.306,-0.939,1.483,0.249,-0.040,0.000,
1.308,-1.011,1.478,0.247,-0.038,0.000,
1.310,-1.061,1.456,0.244,-0.035,0.000,
1.312,-1.091,1.414,0.242,-0.032,0.000,
1.314,-1.098,1.352,0.240,-0.029,0.000,
1.316,-1.084,1.273,0.238,-0.027,0.000,
1.318,-1.052,1.180,0.236,-0.024,0.000,
1.320,-1.004,1.078,0.234,-0.022,0.000,
1.322,-0.943,0.970,0.232,-0.020,0.000,
1.324,-0.873,0.859,0.230,-0.018,0.000,
1.326,-0.795,0.748,0.229,-0.017,0.000,
1.328,-0.712,0.640,0.227,-0.016,0.000,
1.330,-0.622,0.537,0.226,-0.015,0.000,
1.332,-0.531,0.442,0.225,-0.014,0.000,
1.334,-0.446,0.354,0.224,-0.013,0.000,
1.336,-0.374,0.268,0.223,-0.012,0.000,
1.338,-0.317,0.185,0.223,-0.012,0.000,
1.340,-0.274,0.104,0.222,-0.012,0.000,
1.342,-0.242,0.024,0.222,-0.012,0.000,
1.344,-0.218,-0.050,0.221,-0.012,0.000,
1.346,-0.199,-0.113,0.221,-0.012,0.000,
1.348,-0.187,-0.158,0.220,-0.012,0.000,
1.350,-0.180,-0.183,0.220,-0.013,0.000,
1.352,-0.183,-0.186,0.220,-0.013,0.000,
1.354,-0.199,-0.170,0.219,-0.013,2.000,
1.356,-0.233,-0.141,0.219,-0.014,0.000,
1.358,-0.272,-0.110,0.218,-0.014,4.000,
1.360,-0.323,-0.073,0.218,-0.014,0.000,
1.362,-0.385,-0.030,0.217,-0.014,0.000,
1.364,-0.453,0.021,0.216,-0.014,0.000,
1.366,-0.522,0.074,0.215,-0.014,0.000,
1.368,-0.588,0.124,0.214,-0.014,0.000,
1.370,-0.649,0.171,0.212,-0.013,0.000,
1.372,-0.701,0.217,0.211,-0.013,0.000,
1.374,-0.742,0.266,0.209,-0.012,0.000,
1.376,-0.772,0.324,0.208,-0.012,0.000,
1.378,-0.789,0.394,0.206,-0.011,0.000,
1.380,-0.797,0.474,0.205,-0.010,0.000,
1.382,-0.796,0.560,0.203,-0.009,0.000,
1.384,-0.785,0.646,0.202,-0.008,0.000,
1.386,-0.769,0.726,0.200,-0.006,0.000,
1.388,-0.750,0.796,0.199,-0.005,0.000,
1.390,-0.729,0.851,0.197,-0.003,0.000,
1.392,-0.702,0.888,0.196,-0.001,0.000,
1.394,-0.665,0.905,0.194,0.001,0.000,
1.396,-0.613,0.905,0.193,0.003,0.000,
1.398,-0.546,0.887,0.192,0.004,0.000,
1.400,-0.463,0.852,0.191,0.006,0.000,
1.403,-0.368,0.798,0.190,0.008,0.000,
1.404,-0.265,0.725,0.190,0.009,0.000,
1.406,-0.157,0.637,0.190,0.010,0.000,
1.408,-0.046,0.538,0.189,0.011,0.000,
1.410,0.066,0.438,0.190,0.012,0.000,
1.412,0.178,0.343,0.190,0.013,0.000,
1.414,0.287,0.258,0.191,0.013,0.000,
1.416,0.391,0.185,0.191,0.014,0.000,
1.418,0.486,0.121,0.192,0.014,0.000,
1.420,0.569,0.065,0.193,0.014,0.000,
1.422,0.640,0.017,0.195,0.014,0.000,
1.424,0.702,-0.024,0.196,0.014,0.000,
1.426,0.758,-0.056,0.198,0.014,2.000,
1.428,0.813,-0.083,0.199,0.014,0.000,
1.430,0.870,-0.105,0.201,0.014,0.000,
1.432,0.928,-0.124,0.203,0.013,0.000,
1.434,0.981,-0.140,0.205,0.013,0.000,
1.436,1.025,-0.156,0.207,0.013,0.000,
1.438,1.055,-0.176,0.209,0.013,0.000,
1.440,1.065,-0.205,0.211,0.012,0.000,
1.442,1.056,-0.243,0.213,0.012,0.000,
1.444,1.031,-0.288,0.215,0.011,0.000,
1.446,0.996,-0.330,0.217,0.010,0.000,
1.448,0.953,-0.362,0.219,0.010,0.000,
1.450,0.909,-0.373,0.221,0.009,0.000,
1.452,0.866,-0.359,0.223,0.008,0.000,
1.454,0.824,-0.320,0.224,0.008,0.000,
1.456,0.783,-0.260,0.226,0.007,0.000,
1.458,0.742,-0.187,0.227,0.007,0.000,
1.460,0.700,-0.106,0.229,0.006,0.000,
1.462,0.662,-0.022,0.230,0.006,0.000,
1.464,0.629,0.063,0.231,0.007,0.000,
1.466,0.604,0.148,0.233,0.007,0.000,
1.468,0.589,0.216,0.234,0.007,2.000,
1.470,0.576,0.286,0.235,0.008,0.000,
1.472,0.562,0.367,0.236,0.009,0.000,
1.474,0.545,0.463,0.237,0.009,0.000,
1.476,0.530,0.572,0.238,0.011,0.000,
1.478,0.518,0.688,0.239,0.012,0.000,
1.480,0.509,0.807,0.240,0.014,0.000,
1.482,0.502,0.923,0.241,0.015,0.000,
1.484,0.496,1.034,0.242,0.018,0.000,
1.486,0.491,1.139,0.243,0.020,0.000,
1.488,0.488,1.235,0.244,0.022,0.000,
1.490,0.485,1.319,0.245,0.025,0.000,
1.492,0.482,1.388,0.246,0.028,0.000,
1.494,0.478,1.433,0.247,0.031,1.000,
1.496,0.471,1.449,0.248,0.033,0.000,
1.498,0.463,1.439,0.249,0.036,0.000,
1.500,0.452,1.402,0.250,0.039,32.000,
1.503,0.436,1.339,0.251,0.042,32.000,
1.504,0.413,1.250,0.252,0.044,32.000,
1.506,0.385,1.139,0.252,0.047,32.000,
1.508,0.351,1.011,0.253,0.049,32.000,
1.510,0.315,0.868,0.254,0.050,32.000,
1.512,0.281,0.714,0.254,0.052,34.000,
1.514,0.250,0.554,0.255,0.053,32.000,
1.516,0.227,0.392,0.255,0.054,32.000,
1.518,0.216,0.233,0.256,0.054,32.000,
1.520,0.222,0.083,0.256,0.054,32.000,
1.522,0.251,-0.049,0.257,0.054,32.000,
1.524,0.303,-0.154,0.257,0.054,32.000,
1.526,0.377,-0.223,0.258,0.053,32.000,
1.528,0.466,-0.254,0.259,0.053,32.000,
1.530,0.565,-0.243,0.260,0.052,32.000,
1.532,0.668,-0.190,0.261,0.052,32.000,
1.534,0.769,-0.096,0.263,0.052,32.000,
1.536,0.859,0.034,0.265,0.052,32.000,
1.538,0.928,0.194,0.266,0.052,32.000,
1.540,0.968,0.373,0.268,0.053,32.000,
1.542,0.974,0.560,0.270,0.054,32.000,
1.544,0.948,0.742,0.272,0.056,32.000,
1.546,0.890,0.906,0.274,0.058,32.000,
1.548,0.804,1.045,0.276,0.060,32.000,
1.550,0.696,1.159,0.277,0.062,32.000,
1.552,0.570,1.246,0.278,0.064,34.000,
1.554,0.430,1.305,0.279,0.067,32.000,
1.556,0.278,1.333,0.280,0.070,32.000,
1.558,0.119,1.327,0.280,0.072,32.000,
1.560,-0.045,1.284,0.280,0.075,32.000,
1.562,-0.213,1.204,0.279,0.077,32.000,
1.564,-0.385,1.096,0.278,0.079,32.000,
1.566,-0.556,0.968,0.277,0.081,32.000,
1.568,-0.722,0.831,0.276,0.083,32.000,
1.570,-0.876,0.694,0.274,0.084,32.000,
1.572,-1.012,0.563,0.272,0.086,32.000,
1.574,-1.121,0.440,0.270,0.086,32.000,
1.576,-1.189,0.349,0.268,0.087,32.000,
1.578,-1.227,0.271,0.265,0.088,32.000,
1.580,-1.242,0.198,0.263,0.088,32.000,
1.582,-1.234,0.133,0.260,0.088,32.000,
1.584,-1.199,0.085,0.258,0.089,32.000,
1.586,-1.134,0.063,0.255,0.089,32.000,
1.588,-1.040,0.068,0.253,0.089,32.000,
1.590,-0.923,0.100,0.252,0.089,32.000,
1.592,-0.788,0.151,0.250,0.089,32.000,
1.594,-0.647,0.213,0.249,0.090,32.000,
1.596,-0.507,0.278,0.248,0.090,32.000,
1.598,-0.372,0.337,0.247,0.091,32.000,
1.600,-0.243,0.385,0.246,0.092,32.000,
1.603,-0.122,0.418,0.246,0.093,33.000,
1.604,-0.016,0.433,0.246,0.093,32.000,
1.606,0.068,0.431,0.246,0.094,32.000,
1.608,0.124,0.415,0.247,0.095,34.000,
1.610,0.147,0.394,0.247,0.096,32.000,
1.612,0.134,0.374,0.247,0.097,32.000,
1.614,0.083,0.357,0.247,0.097,32.000,
1.616,-0.003,0.337,0.247,0.098,32.000,
1.618,-0.121,0.310,0.247,0.099,32.000,
1.620,-0.261,0.273,0.246,0.099,32.000,
1.622,-0.410,0.231,0.246,0.100,32.000,
1.624,-0.554,0.189,0.245,0.100,32.000,
1.626,-0.684,0.154,0.243,0.100,32.000,
1.628,-0.791,0.131,0.242,0.101,32.000,
1.630,-0.871,0.116,0.240,0.101,32.000,
1.632,-0.926,0.107,0.238,0.101,32.000,
1.634,-0.961,0.099,0.236,0.101,32.000,
1.636,-0.980,0.093,0.234,0.101,32.000,
1.638,-0.987,0.091,0.232,0.102,32.000,
1.640,-0.979,0.093,0.230,0.102,32.000,
1.642,-0.956,0.097,0.228,0.102,32.000,
1.644,-0.921,0.103,0.226,0.102,32.000,
1.646,-0.877,0.109,0.225,0.102,32.000,
1.648,-0.828,0.116,0.223,0.103,32.000,
1.650,-0.776,0.122,0.221,0.103,32.000,
1.652,-0.722,0.131,0.220,0.103,32.000,
1.654,-0.666,0.145,0.219,0.103,32.000,
1.656,-0.610,0.168,0.217,0.104,32.000,
1.658,-0.557,0.203,0.216,0.104,32.000,
1.660,-0.510,0.250,0.215,0.105,32.000,
1.662,-0.469,0.305,0.214,0.105,32.000,
1.664,-0.436,0.360,0.214,0.106,32.000,
1.666,-0.410,0.413,0.213,0.107,32.000,
1.668,-0.388,0.458,0.212,0.108,32.000,
1.670,-0.367,0.497,0.211,0.109,32.000,
1.672,-0.349,0.528,0.211,0.110,32.000,
1.674,-0.336,0.557,0.210,0.111,32.000,
1.676,-0.328,0.585,0.209,0.112,34.000,
1.678,-0.326,0.614,0.209,0.113,32.000,
1.680,-0.327,0.639,0.208,0.115,32.000,
1.682,-0.331,0.660,0.207,0.116,32.000,
1.684,-0.335,0.672,0.207,0.117,32.000,
1.686,-0.338,0.682,0.206,0.119,32.000,
1.688,-0.339,0.694,0.205,0.120,32.000,
1.690,-0.335,0.709,0.205,0.121,32.000,
1.692,-0.326,0.728,0.204,0.123,32.000,
1.694,-0.314,0.748,0.203,0.124,33.000,
1.696,-0.303,0.764,0.203,0.126,32.000,
1.698,-0.294,0.769,0.202,0.127,32.000,
1.700,-0.290,0.758,0.201,0.129,32.000,
1.703,-0.294,0.733,0.201,0.130,32.000,
1.704,-0.301,0.700,0.200,0.132,32.000,
1.706,-0.309,0.666,0.200,0.133,32.000,
1.708,-0.317,0.631,0.199,0.134,32.000,
1.710,-0.322,0.593,0.198,0.136,32.000,
1.712,-0.326,0.548,0.198,0.137,32.000,
1.714,-0.330,0.498,0.197,0.138,32.000,
1.716,-0.335,0.443,0.196,0.139,32.000,
1.718,-0.340,0.385,0.196,0.139,32.000,
1.720,-0.341,0.324,0.195,0.140,32.000,
1.722,-0.337,0.260,0.194,0.141,32.000,
1.724,-0.325,0.192,0.194,0.141,32.000,
1.726,-0.305,0.123,0.193,0.141,32.000,
1.728,-0.275,0.052,0.193,0.141,32.000,
1.730,-0.229,-0.019,0.192,0.141,32.000,
1.732,-0.162,-0.088,0.192,0.141,32.000,
1.734,-0.074,-0.152,0.192,0.141,32.000,
1.736,0.030,-0.213,0.192,0.140,32.000,
1.738,0.145,-0.269,0.192,0.140,32.000,
1.740,0.262,-0.316,0.193,0.139,32.000,
1.742,0.378,-0.346,0.193,0.138,32.000,
1.744,0.489,-0.355,0.194,0.138,32.000,
1.746,0.587,-0.341,0.195,0.137,34.000,
1.748,0.671,-0.308,0.197,0.136,32.000,
1.750,0.741,-0.261,0.198,0.136,0.000,
1.752,0.798,-0.210,0.200,0.136,0.000,
1.754,0.844,-0.156,0.202,0.135,0.000,
1.756,0.879,-0.105,0.203,0.135,0.000,
1.758,0.903,-0.062,0.205,0.135,0.000,
1.760,0.916,-0.028,0.207,0.135,0.000,
1.762,0.917,-0.005,0.209,0.135,0.000,
1.764,0.906,0.008,0.211,0.135,0.000,
1.766,0.883,0.012,0.212,0.135,0.000,
1.768,0.850,0.012,0.214,0.135,0.000,
1.770,0.804,0.014,0.216,0.135,0.000,
1.772,0.741,0.019,0.217,0.135,0.000,
1.774,0.658,0.029,0.218,0.135,0.000,
1.776,0.557,0.043,0.220,0.135,0.000,
1.778,0.444,0.063,0.220,0.135,1.000,
1.780,0.326,0.089,0.221,0.135,0.000,
1.782,0.211,0.117,0.222,0.136,0.000,
1.784,0.107,0.143,0.222,0.136,0.000,
1.786,0.020,0.162,0.222,0.136,0.000,
1.788,-0.046,0.174,0.222,0.137,0.000,
1.790,-0.090,0.180,0.222,0.137,0.000,
1.792,-0.115,0.183,0.221,0.137,0.000,
1.794,-0.124,0.183,0.221,0.138,2.000,
1.796,-0.127,0.181,0.221,0.138,0.000,
1.798,-0.127,0.177,0.221,0.138,0.000,
1.800,-0.124,0.172,0.220,0.139,0.000,
1.803,-0.113,0.167,0.220,0.139,0.000,
1.804,-0.088,0.160,0.220,0.139,0.000,
1.806,-0.063,0.154,0.220,0.140,0.000,
1.808,-0.039,0.147,0.220,0.140,0.000,
1.810,-0.019,0.140,0.220,0.140,0.000,
1.812,0.001,0.138,0.220,0.141,0.000,
1.814,0.024,0.140,0.220,0.141,0.000,
1.816,0.052,0.145,0.220,0.141,0.000,
1.818,0.084,0.150,0.220,0.141,0.000,
1.820,0.119,0.151,0.220,0.142,0.000,
1.822,0.156,0.147,0.220,0.142,0.000,
1.824,0.189,0.139,0.221,0.142,0.000,
1.826,0.216,0.133,0.221,0.143,0.000,
1.828,0.231,0.131,0.222,0.143,0.000,
1.830,0.237,0.132,0.222,0.143,0.000,
1.832,0.234,0.133,0.223,0.143,0.000,
1.834,0.228,0.136,0.223,0.144,0.000,
1.836,0.219,0.138,0.224,0.144,0.000,
1.838,0.207,0.138,0.224,0.144,0.000,
1.840,0.191,0.130,0.224,0.144,0.000,
1.842,0.168,0.112,0.225,0.145,0.000,
1.844,0.134,0.087,0.225,0.145,0.000,
1.846,0.092,0.059,0.225,0.145,0.000,
1.848,0.047,0.036,0.225,0.145,2.000,
1.850,0.002,0.028,0.225,0.145,0.000,
1.852,-0.039,0.036,0.225,0.145,0.000,
1.854,-0.075,0.062,0.225,0.145,0.000,
1.856,-0.107,0.103,0.225,0.145,0.000,
1.858,-0.137,0.153,0.225,0.146,0.000,
1.860,-0.166,0.212,0.224,0.146,1.000,
1.862,-0.190,0.277,0.224,0.147,0.000,
1.864,-0.206,0.345,0.223,0.147,0.000,
1.866,-0.212,0.409,0.223,0.148,0.000,
1.868,-0.210,0.467,0.223,0.149,0.000,
1.870,-0.201,0.516,0.222,0.150,0.000,
1.872,-0.186,0.555,0.222,0.151,0.000,
1.874,-0.163,0.580,0.221,0.153,0.000,
1.876,-0.134,0.586,0.221,0.154,0.000,
1.878,-0.096,0.571,0.221,0.155,0.000,
1.880,-0.050,0.541,0.221,0.156,0.000,
1.882,0.004,0.500,0.221,0.157,0.000,
1.884,0.063,0.457,0.221,0.158,0.000,
1.886,0.118,0.414,0.221,0.159,0.000,
1.888,0.163,0.371,0.222,0.159,0.000,
1.890,0.188,0.326,0.222,0.160,0.000,
1.892,0.190,0.274,0.222,0.161,0.000,
1.894,0.173,0.218,0.223,0.161,0.000,
1.896,0.142,0.163,0.223,0.161,0.000,
1.898,0.109,0.117,0.223,0.162,0.000,
1.900,0.078,0.084,0.223,0.162,0.000,
1.903,0.055,0.065,0.224,0.162,0.000,
1.904,0.030,0.051,0.224,0.162,2.000,
1.906,0.009,0.041,0.224,0.162,0.000,
1.908,-0.011,0.026,0.224,0.162,0.000,
1.910,-0.033,0.005,0.223,0.162,0.000,
1.912,-0.058,-0.024,0.223,0.162,0.000,
1.914,-0.086,-0.059,0.223,0.162,0.000,
1.916,-0.118,-0.099,0.223,0.162,0.000,
1.918,-0.149,-0.146,0.223,0.161,0.000,
1.920,-0.177,-0.202,0.222,0.161,0.000,
1.922,-0.195,-0.266,0.222,0.161,0.000,
1.924,-0.202,-0.337,0.222,0.160,0.000,
1.926,-0.200,-0.412,0.221,0.159,0.000,
1.928,-0.188,-0.485,0.221,0.158,0.000,
1.930,-0.168,-0.552,0.220,0.157,0.000,
1.932,-0.136,-0.611,0.220,0.156,1.000,
1.934,-0.093,-0.661,0.220,0.154,0.000,
1.936,-0.041,-0.702,0.220,0.153,0.000,
1.938,0.014,-0.729,0.220,0.152,0.000,
1.940,0.065,-0.740,0.220,0.150,0.000,
1.942,0.103,-0.732,0.220,0.149,0.000,
1.944,0.118,-0.703,0.220,0.147,0.000,
1.946,0.106,-0.653,0.221,0.146,0.000,
1.948,0.067,-0.583,0.221,0.145,0.000,
1.950,0.005,-0.494,0.221,0.144,0.000,
1.952,-0.072,-0.390,0.221,0.143,0.000,
1.954,-0.159,-0.279,0.220,0.142,0.000,
1.956,-0.248,-0.171,0.220,0.142,0.000,
1.958,-0.334,-0.078,0.219,0.142,0.000,
1.960,-0.415,-0.001,0.218,0.142,0.000,
1.962,-0.489,0.064,0.217,0.142,2.000,
1.964,-0.557,0.123,0.216,0.142,0.000,
1.966,-0.616,0.183,0.215,0.143,0.000,
1.968,-0.664,0.246,0.214,0.143,0.000,
1.970,-0.693,0.316,0.212,0.144,0.000,
1.972,-0.704,0.394,0.211,0.145,0.000,
1.974,-0.697,0.479,0.210,0.146,0.000,
1.976,-0.675,0.567,0.208,0.147,0.000,
1.978,-0.638,0.653,0.207,0.148,0.000,
1.980,-0.585,0.730,0.206,0.149,0.000,
1.982,-0.511,0.796,0.205,0.151,0.000,
1.984,-0.414,0.849,0.204,0.153,0.000,
1.986,-0.296,0.882,0.203,0.154,0.000,
1.988,-0.161,0.894,0.203,0.156,0.000,
1.990,-0.014,0.881,0.203,0.158,0.000,
1.992,0.134,0.847,0.203,0.160,0.000,
1.994,0.278,0.796,0.204,0.161,0.000,
1.996,0.412,0.733,0.205,0.163,0.000,
1.998,0.530,0.663,0.206,0.164,0.000,
2.000,0.629,0.589,0.207,0.165,0.000,
2.003,0.704,0.516,0.208,0.166,0.000,
2.004,0.757,0.445,0.210,0.167,0.000,
2.006,0.789,0.384,0.211,0.168,0.000,
2.008,0.798,0.336,0.213,0.169,1.000,
2.010,0.788,0.308,0.215,0.169,0.000,
2.012,0.759,0.294,0.216,0.170,0.000,
2.014,0.715,0.288,0.218,0.170,0.000,
2.016,0.658,0.286,0.219,0.171,0.000,
2.018,0.590,0.284,0.220,0.172,0.000,
2.020,0.515,0.274,0.221,0.172,2.000,
2.022,0.439,0.249,0.222,0.173,0.000,
2.024,0.368,0.207,0.223,0.173,0.000,
2.026,0.306,0.151,0.223,0.173,0.000,
2.028,0.253,0.086,0.224,0.174,0.000,
2.030,0.214,0.017,0.224,0.174,0.000,
2.032,0.189,-0.050,0.225,0.173,0.000,
2.034,0.178,-0.115,0.225,0.173,0.000,
2.036,0.178,-0.176,0.225,0.173,0.000,
2.038,0.185,-0.236,0.226,0.172,0.000,
2.040,0.200,-0.295,0.226,0.172,0.000,
2.042,0.225,-0.352,0.227,0.171,0.000,
2.044,0.262,-0.402,0.227,0.170,0.000,
2.046,0.310,-0.440,0.228,0.169,0.000,
2.048,0.368,-0.461,0.228,0.168,0.000,
2.050,0.433,-0.462,0.229,0.168,0.000,
2.052,0.501,-0.438,0.230,0.167,0.000,
2.054,0.569,-0.391,0.231,0.166,0.000,
2.056,0.634,-0.324,0.233,0.165,0.000,
2.058,0.694,-0.242,0.234,0.165,0.000,
2.060,0.746,-0.146,0.236,0.164,0.000,
2.062,0.787,-0.036,0.237,0.164,0.000,
2.064,0.817,0.088,0.239,0.165,0.000,
2.066,0.836,0.221,0.240,0.165,0.000,
2.068,0.842,0.354,0.242,0.166,2.000,
2.070,0.833,0.476,0.244,0.167,0.000,
2.072,0.808,0.579,0.245,0.168,0.000,
2.074,0.763,0.657,0.247,0.169,0.000,
2.076,0.699,0.705,0.248,0.171,0.000,
2.078,0.618,0.724,0.250,0.172,0.000,
2.080,0.524,0.717,0.251,0.173,1.000,
2.082,0.424,0.688,0.251,0.175,0.000,
2.084,0.323,0.643,0.252,0.176,0.000,
2.086,0.227,0.583,0.253,0.177,0.000,
2.088,0.136,0.508,0.253,0.178,0.000,
2.090,0.052,0.420,0.253,0.179,0.000,
2.092,-0.025,0.318,0.253,0.180,0.000,
2.094,-0.096,0.202,0.253,0.180,0.000,
2.096,-0.163,0.075,0.252,0.180,0.000,
2.098,-0.231,-0.058,0.252,0.180,0.000,
2.100,-0.298,-0.190,0.251,0.180,0.000,
2.103,-0.364,-0.311,0.251,0.179,0.000,
2.104,-0.424,-0.412,0.250,0.178,0.000,
2.106,-0.477,-0.484,0.249,0.177,0.000,
2.108,-0.521,-0.526,0.248,0.176,0.000,
2.110,-0.558,-0.538,0.247,0.175,0.000,
2.112,-0.590,-0.521,0.245,0.174,0.000,
2.114,-0.620,-0.478,0.244,0.173,0.000,
2.116,-0.647,-0.413,0.243,0.172,2.000,
2.118,-0.672,-0.332,0.242,0.172,0.000,
2.120,-0.690,-0.258,0.240,0.171,0.000,
2.122,-0.707,-0.182,0.239,0.171,0.000,
2.124,-0.727,-0.095,0.237,0.171,0.000,
2.126,-0.750,0.005,0.236,0.171,0.000,
2.128,-0.773,0.115,0.234,0.171,0.000,
2.130,-0.792,0.231,0.233,0.171,0.000,
2.132,-0.807,0.346,0.231,0.172,0.000,
2.134,-0.819,0.459,0.229,0.173,0.000,
2.136,-0.829,0.568,0.228,0.174,0.000,
2.138,-0.840,0.677,0.226,0.176,0.000,
2.140,-0.851,0.784,0.224,0.177,0.000,
2.142,-0.861,0.889,0.223,0.179,0.000,
2.144,-0.868,0.984,0.221,0.181,0.000,
2.146,-0.873,1.058,0.219,0.183,1.000,
2.148,-0.879,1.104,0.217,0.185,0.000,
2.150,-0.883,1.120,0.216,0.187,0.000,
2.152,-0.884,1.109,0.214,0.190,0.000,
2.154,-0.879,1.076,0.212,0.192,0.000,
2.156,-0.870,1.025,0.210,0.194,0.000,
2.158,-0.854,0.960,0.209,0.196,0.000,
2.160,-0.834,0.884,0.207,0.198,0.000,
2.162,-0.809,0.797,0.205,0.199,0.000,
2.164,-0.783,0.701,0.204,0.201,0.000,
2.166,-0.757,0.600,0.202,0.202,0.000,
2.168,-0.732,0.501,0.201,0.203,0.000,
2.170,-0.709,0.406,0.199,0.204,0.000,
2.172,-0.684,0.318,0.198,0.204,0.000,
2.174,-0.652,0.238,0.197,0.205,0.000,
2.176,-0.612,0.165,0.196,0.205,0.000,
2.178,-0.568,0.100,0.194,0.205,0.000,
2.180,-0.521,0.041,0.193,0.205,0.000,
2.182,-0.473,-0.014,0.192,0.205,0.000,
2.184,-0.424,-0.069,0.192,0.205,0.000,
2.186,-0.372,-0.127,0.191,0.205,0.000,
2.188,-0.315,-0.187,0.190,0.204,0.000,
2.190,-0.248,-0.245,0.190,0.204,0.000,
2.192,-0.170,-0.299,0.189,0.203,0.000,
2.194,-0.083,-0.342,0.189,0.203,0.000,
2.196,0.008,-0.370,0.189,0.202,2.000,
2.198,0.096,-0.380,0.189,0.201,0.000,
2.200,0.176,-0.370,0.190,0.200,1.000,
2.203,0.244,-0.341,0.190,0.200,0.000,
2.204,0.299,-0.296,0.191,0.199,0.000,
2.206,0.340,-0.239,0.192,0.199,0.000,
2.208,0.369,-0.175,0.192,0.198,0.000,
2.210,0.390,-0.106,0.193,0.198,0.000,
2.212,0.407,-0.037,0.194,0.198,0.000,
2.214,0.423,0.030,0.195,0.198,0.000,
2.216,0.437,0.096,0.196,0.198,0.000,
2.218,0.451,0.161,0.196,0.199,0.000,
2.220,0.463,0.224,0.197,0.199,0.000,
2.222,0.472,0.281,0.198,0.200,0.000,
2.224,0.477,0.332,0.199,0.200,0.000,
2.226,0.479,0.377,0.200,0.201,0.000,
2.228,0.478,0.410,0.201,0.202,0.000,
2.230,0.473,0.442,0.202,0.203,0.000,
2.232,0.465,0.477,0.203,0.204,0.000,
2.234,0.455,0.512,0.204,0.205,0.000,
2.236,0.443,0.546,0.205,0.206,0.000,
2.238,0.432,0.576,0.206,0.207,0.000,
2.240,0.427,0.600,0.207,0.208,0.000,
2.242,0.434,0.618,0.207,0.209,0.000,
2.244,0.455,0.625,0.208,0.211,0.000,
2.246,0.493,0.618,0.209,0.212,0.000,
2.248,0.546,0.595,0.210,0.213,0.000,
2.250,0.610,0.554,0.212,0.214,2.000,
2.252,0.680,0.493,0.213,0.215,0.000,
2.254,0.752,0.409,0.215,0.216,0.000,
2.256,0.827,0.302,0.216,0.217,1.000,
2.258,0.903,0.176,0.218,0.217,0.000,
2.260,0.978,0.039,0.220,0.217,0.000,
2.262,1.052,-0.099,0.222,0.217,0.000,
2.264,1.125,-0.230,0.224,0.216,0.000,
2.266,1.196,-0.348,0.227,0.216,0.000,
2.268,1.265,-0.452,0.229,0.215,0.000,
2.270,1.333,-0.542,0.232,0.214,0.000,
2.272,1.398,-0.618,0.235,0.212,0.000,
2.274,1.459,-0.680,0.238,0.211,0.000,
2.276,1.520,-0.730,0.241,0.210,0.000,
2.278,1.589,-0.773,0.244,0.208,0.000,
2.280,1.676,-0.806,0.247,0.206,0.000,
2.282,1.783,-0.822,0.251,0.205,0.000,
2.284,1.900,-0.807,0.255,0.203,0.000,
2.286,2.015,-0.755,0.259,0.202,0.000,
2.288,2.119,-0.671,0.263,0.200,2.000,
2.290,2.203,-0.561,0.267,0.199,0.000,
2.292,2.265,-0.428,0.272,0.198,0.000,
2.294,2.303,-0.273,0.276,0.198,0.000,
2.296,2.320,-0.095,0.281,0.198,0.000,
2.298,2.321,0.098,0.286,0.198,0.000,
2.300,2.315,0.294,0.290,0.198,0.000,
2.303,2.315,0.476,0.295,0.199,0.000,
2.304,2.330,0.632,0.300,0.201,0.000,
2.306,2.359,0.757,0.304,0.202,0.000,
2.308,2.395,0.848,0.309,0.204,0.000,
2.310,2.421,0.901,0.314,0.206,0.000,
2.312,2.425,0.912,0.319,0.208,0.000,
2.314,2.399,0.881,0.324,0.209,2.000,
2.316,2.343,0.811,0.328,0.211,0.000,
2.318,2.262,0.708,0.333,0.212,1.000,
2.320,2.167,0.587,0.337,0.213,0.000,
2.322,2.069,0.460,0.341,0.214,0.000,
2.324,1.976,0.332,0.345,0.215,0.000,
2.326,1.893,0.207,0.349,0.215,0.000,
2.328,1.823,0.082,0.353,0.216,0.000,
2.330,1.767,-0.042,0.356,0.216,0.000,
2.332,1.724,-0.165,0.360,0.215,0.000,
2.334,1.690,-0.283,0.363,0.215,0.000,
2.336,1.667,-0.373,0.366,0.214,0.000,
2.338,1.643,-0.448,0.370,0.213,2.000,
2.340,1.615,-0.513,0.373,0.212,0.000,
2.342,1.585,-0.567,0.376,0.211,0.000,
2.344,1.556,-0.605,0.379,0.210,0.000,
2.346,1.534,-0.624,0.382,0.208,0.000,
2.348,1.522,-0.626,0.385,0.207,0.000,
2.350,1.519,-0.621,0.388,0.206,0.000,
2.352,1.518,-0.615,0.391,0.205,0.000,
2.354,1.515,-0.613,0.394,0.203,0.000,
2.356,1.505,-0.616,0.397,0.202,0.000,
2.358,1.487,-0.626,0.400,0.201,0.000,
2.360,1.461,-0.644,0.403,0.200,0.000,
2.362,1.427,-0.664,0.406,0.198,2.000,
2.364,1.384,-0.683,0.409,0.197,0.000,
2.366,1.331,-0.697,0.412,0.196,0.000,
2.368,1.267,-0.705,0.414,0.194,0.000,
2.370,1.194,-0.706,0.416,0.193,0.000,
2.372,1.115,-0.695,0.419,0.191,0.000,
2.374,1.032,-0.665,0.421,0.190,0.000,
2.376,0.949,-0.613,0.423,0.189,0.000,
2.378,0.868,-0.537,0.424,0.188,0.000,
2.380,0.794,-0.436,0.426,0.187,0.000,
2.382,0.728,-0.313,0.427,0.186,0.000,
2.384,0.670,-0.168,0.429,0.186,0.000,
2.386,0.619,-0.005,0.430,0.186,2.000,
2.388,0.576,0.170,0.431,0.186,1.000,
2.390,0.538,0.350,0.432,0.187,0.000,
2.392,0.505,0.526,0.433,0.188,0.000,
2.394,0.478,0.692,0.434,0.189,0.000,
2.396,0.462,0.844,0.435,0.191,0.000,
2.398,0.462,0.983,0.436,0.193,0.000,
2.400,0.477,1.115,0.437,0.195,0.000,
2.403,0.499,1.245,0.438,0.198,0.000,
2.404,0.521,1.375,0.439,0.200,0.000,
2.406,0.537,1.509,0.440,0.204,0.000,
2.408,0.542,1.644,0.441,0.207,0.000,
2.410,0.533,1.775,0.442,0.210,0.000,
2.412,0.510,1.899,0.443,0.214,2.000,
2.414,0.474,2.014,0.444,0.218,0.000,
2.416,0.429,2.119,0.445,0.222,0.000,
2.418,0.375,2.218,0.446,0.227,0.000,
2.420,0.316,2.312,0.446,0.231,0.000,
2.422,0.250,2.404,0.447,0.236,0.000,
2.424,0.177,2.497,0.447,0.241,0.000,
2.426,0.098,2.594,0.448,0.246,1.000,
2.428,0.007,2.695,0.448,0.252,0.000,
2.430,-0.096,2.804,0.447,0.257,0.000,
2.432,-0.212,2.919,0.447,0.263,0.000,
2.434,-0.341,3.038,0.446,0.269,0.000,
2.436,-0.477,3.161,0.445,0.276,0.000,
2.438,-0.615,3.285,0.444,0.282,2.000,
2.440,-0.750,3.406,0.443,0.289,0.000,
2.442,-0.872,3.523,0.441,0.296,0.000,
2.444,-0.959,3.611,0.439,0.303,0.000,
2.446,-1.024,3.692,0.437,0.311,0.000,
2.448,-1.075,3.778,0.435,0.318,0.000,
2.450,-1.111,3.878,0.432,0.326,1.000,
2.452,-1.132,3.991,0.430,0.334,0.000,
2.454,-1.134,4.116,0.428,0.342,0.000,
2.456,-1.118,4.256,0.426,0.351,0.000,
2.458,-1.080,4.418,0.424,0.360,0.000,
2.460,-1.021,4.611,0.422,0.369,0.000,
2.462,-0.941,4.833,0.420,0.378,0.000,
2.464,-0.842,5.082,0.418,0.389,0.000,
2.466,-0.729,5.353,0.416,0.399,1.000,
2.468,-0.610,5.641,0.415,0.411,0.000,
2.470,-0.491,5.942,0.414,0.423,0.000,
2.472,-0.382,6.259,0.414,0.435,0.000,
2.474,-0.287,6.593,0.413,0.448,2.000,
2.476,-0.212,6.940,0.413,0.462,0.000,
2.478,-0.157,7.294,0.412,0.477,0.000,
2.480,-0.124,7.647,0.412,0.492,1.000,
2.482,-0.113,7.997,0.412,0.508,0.000,
2.484,-0.124,8.345,0.411,0.525,0.000,
2.486,-0.159,8.687,0.411,0.542,0.000,
2.488,-0.220,9.024,0.411,0.560,0.000,
2.490,-0.306,9.358,0.410,0.579,1.000,
2.492,-0.414,9.688,0.409,0.598,0.000,
2.494,-0.533,10.009,0.408,0.618,0.000,
2.496,-0.653,10.314,0.407,0.639,0.000,
2.498,-0.764,10.591,0.405,0.660,1.000,
2.500,-0.862,10.834,0.404,0.682,0.000,
